name_director;id_director
Jorge Michel Grau;1
Gilbert Chan;2
Shane Acker;3
Robert Luketic;4
Serdar Akar;5
Yasir Al Yasiri;6
Kevin Reynolds;7
Shravan Kumar;8
Vikram Bhatt;9
Zak Hilditch;10
Diego Enrique Osorno;11
Nottapon Boonprakob;12
John Suits;13
Kunle Afolayan;14
Paul Greengrass;15
Swapnaneel Jayakar;16
Onir;17
Vijay Milton;18
Santwana Bardoloi;19
Atanu Ghosh;20
Lyric R. Cabral;21
Cho Il;22
Sabina Fedeli;23
Michael Margolis;24
Rako Prijanto;25
Fernando Lebrija;26
Michael Kennedy;27
Robert McCullough Jr.;28
Cristina Jacob;29
Frank Ariza;30
Muharrem Gülmez;31
Óskar Thór Axelsson;32
Ozan Açıktan;33
Kenneth Gyang;34
Karyn Kusama;35
Adam Deyoe;36
Leif Tilden;37
Adze Ugah;38
Nicolas Brossette;39
Roland Emmerich;40
Marcel Barrena;41
Melinda Janko;42
Jastis Arimba;43
Shrihari Sathe;44
Sam Upton;45
Victor Zarcoff;46
Daniel Stamm;47
Ava DuVernay;48
Daniel Lee;49
Scott Hussion;50
Adam Davis;51
Richard Donner;52
Burr Steers;53
Francesco Amato;54
Salvador Calvo;55
David Marmor;56
Raymond Wood;57
Ramzy Bedia;58
Abhishek Varman;59
Morgan Neville;60
Hasraf Dulull;61
Mike Mills;62
Jon Lucas;63
Joey Curtis;64
Brian Smrz;65
Simranjit Singh Hundal;66
Geun-hyun Cho;67
Nicanor Loreti;68
Simon Napier-Bell;69
Betty Thomas;70
McG;71
Nagesh Kukunoor;72
Gaby Dellal;73
Iman Brotoseno;74
Rajkumar Hirani;75
Shazia Javed;76
Sinan Akkuş;77
Hani Hamdi;78
Ruben Fleischer;79
Maciej Dejczer;80
Barbara Białowąs;81
Hikari;82
Victor Gatonye;83
Jack C. Newell;84
Marco Deufemia;85
Gerardo Olivares;86
Andrew Nackman;87
Ishaya Bako;88
Anggy Umbara;89
Richard Loncraine;90
Marco Risi;91
Victor Levin;92
Peter Segal;93
Jonathan Levine;94
Rizal Mantovani;95
Matei Dima;96
Marja Lewis Ryan;97
Toa Fraser;98
Michael Bay;99
Hannah Fidell;100
Bharat Jain;101
Trent Haaga;102
Nizar Shafi;103
Roger Gual;104
Meenu Gaur;105
Vishal Bhardwaj;106
Anita Udeep;107
Steve Gukas;108
Clay Glen;109
Everardo González;110
Rachel Talalay;111
Andrew Lau Wai-Keung;112
Padmakumar Narasimhamurthy;113
John Asher;114
Richard Attenborough;115
Shaun Paul Piccinino;116
David de Vos;117
Umut Kirca;118
Kevin Ko;119
Alex Zamm;120
John Schultz;121
Thomas Astruc;122
Mark Rosman;123
Michelle Johnston;124
Stanley Kubrick;125
Stephen Gyllenhaal;126
Savage Steve Holland;127
Tyler Perry;128
Tom Fassaert;129
Mark Williams;130
Robbie Countryman;131
Remo D'Souza;132
Bille August;133
David Wain;134
David Lowery;135
Roman Coppola;136
Stanley Moore;137
Alex Woo;138
Richard Mears;139
Erik Nelson;140
Michael Tiddes;141
Teo Konuralp;142
Thomas Stuber;143
Jim Fall;144
Herman Yau;145
Coodie;146
Andy Goddard;147
Yeo Siew Hua;148
Chris Bell;149
Francisco Macri;150
Steven Bognar;151
Alan Rickman;152
Sophia Nahli Allison;153
Maryo J. De los Reyes;154
Thomas Sorriaux;155
Ahmad El-Badri;156
J.A. Bayona;157
J.C. Chandor;158
Christopher S. Rech;159
Otoja Abit;160
John Fortenberry;161
Joram Lürsen;162
Michael Lennox;163
Nicole Conn;164
Kees Van Oostrum;165
Michael Damian;166
Carla Barros;167
Marina Seresesky;168
Henry Sarwer-Foner;169
Ishaan Trivedi;170
Cathy Garcia-Molina;171
Chris Bolan;172
Asghar Farhadi;173
Ethan Coen;174
Richard Phelan;175
Naoko Yamada;176
Tom Ford;177
Diego Lerman;178
Maria Burton;179
Larry Elikann;180
Evan Spiridellis;181
Chung Mong-hong;182
Natalie Portman;183
Trisha Ziff;184
Martin Lawrence;185
Brian Robbins;186
Eddie Rosas;187
Robert O. Peters;188
Ravishankar Venkateswaran;189
Álvaro Brechner;190
Justin G. Dyck;191
Sofia Coppola;192
Adam Shankman;193
Neeraj Pandey;194
Gregory Caruso;195
Junichi Sato;196
K. Rajagopal;197
Kazuya Murata;198
Rusty Nixon;199
Oliver Daly;200
Ömer Faruk Sorak;201
Midhun Manuel Thomas;202
Indrajit Nattoji;203
Chandrakant Kulkarni;204
Rajiv Mehra;205
V C Abhilash;206
Raj Kumar Gupta;207
Satish Rajwade;208
Prakash Jha;209
Umesh Mehra;210
Uttung Shelar;211
Ravi Babu;212
Kyran Kelly;213
Skye Borgman;214
Hashim Nadeem Khan;215
A. L. Vijay;216
Jung-ah Im;217
Chad Van De Keere;218
Chris Weitz;219
Richard Curtis;220
Daniela Goggi;221
Alfonso Serrano Maturino;222
Cheang Pou Soi;223
Ralph Macchio;224
Julien Christian Lutz;225
Julie Taymor;226
Mike McCoy;227
Mahsun Kırmızıgül;228
Vipul Amrutlal Shah;229
Isaac Florentine;230
Brett Donowho;231
Jay Karas;232
Steve Brill;233
Robert Markowitz;234
Thierry Donard;235
Fazila Allana;236
Anne Fontaine;237
Baltasar Kormákur;238
Sandeep Chatterjee;239
Jennifer Phang;240
Kyle Rideout;241
S.A. Zaidi;242
Junior Carelli;243
Juliana Vicente;244
Jenny Gage;245
Nadia Hallgren;246
Bryce Wagoner;247
Brittany Andrews;248
Rodrigo Reyes;249
Roger Kumble;250
Elliott Lester;251
Antonio Campos;252
Nicolas Lopez;253
Terry Loane;254
Peter Ho;255
Rarecho;256
Mukul Anand;257
Mariano Baez;258
Ram Gopal Varma;259
Shivam Nair;260
Alison Klayman;261
Takeshi Fukunaga;262
César Rodrigues;263
Biswajeet Bora;264
Abbas Alibhai Burmawalla;265
Sachin Kundalkar;266
Rajkumar Santoshi;267
Devashish Makhija;268
Vikramaditya Motwane;269
Pali Yahya;270
Francisco D'Eufemia;271
Trivikram Srinivas;272
Toyin Abraham;273
Raul Campos;274
Shaz Bennett;275
Soumitra Ranade;276
Castille Landon;277
Gervasio Iglesias;278
Leticia Jorge Romero;279
Alex Díaz;280
Craig Johnson;281
Youssef Chahine;282
Luis Ara;283
Hussein El Ansary;284
Cem Yılmaz;285
Jeffrey Walker;286
Latif Faiziyev;287
Martin Scorsese;288
Gil Baroni;289
J. Michael Long;290
Jeremiah Jones;291
Stephen Chiodo;292
Sean McNamara;293
Susan Glatzer;294
Eva Vives;295
Adrian Teh;296
Joe Robert Cole;297
Don Bluth;298
Víctor García;299
Charlie Vaughn;300
Hao Wu;301
Chris Blake;302
Dan Villegas;303
Brett Haley;304
Matthew Hope;305
Yibrán Asuad;306
Pedro Coutinho;307
Vincent Kok;308
Eva Trobisch;309
Susan Walter;310
Hernán Guerschuny;311
Mike Doyle;312
Vincent Perez;313
Antoinette Jadaone;314
Lee Tamahori;315
Richard Rich;316
Greg Kohs;317
Adam Bhala Lough;318
Takeru Nakajima;319
Trey Haley;320
Rod Blackhurst;321
Lee Hirsch;322
Esteban Crespo;323
Atul Malhotra;324
Manmohan Desai;325
Khaled Youssef;326
Ryan Koo;327
Edward Cotterill;328
Charlie Siskel;329
Michael Cuesta;330
Sam Mendes;331
Brendon Marotta;332
Barak Goodman;333
Sharon Grimberg;334
Mark Zwonitzer;335
Wilson Coneybeare;336
Sarik Andreasyan;337
Tony Kaye;338
Andrea Arnold;339
Nick Davis;340
Jenny Popplewell;341
Mike Elliott;342
Mary Harron;343
Kenny Leon;344
Jerry G. Angelo;345
Lekh Tandon;346
Asif Kapadia;347
Amy Schumer;348
Karan Bali;349
Phil Nibbelink;350
Larry Latham;351
Rebecca Zlotowski;352
Jim Hosking;353
Wael Ehsan;354
James Toback;355
Perry Lang;356
Brad Silberling;357
Juan Camilo Pinzon;358
Ismail Farouk;359
Matheus Souza;360
Sekhar Kammula;361
Avinash Das;362
Carlos Marques-Marcet;363
Lonzo Nzekwe;364
Ísold Uggadóttir;365
Sriram Raghavan;366
V Vignarajan;367
Josiah Ng;368
Franck Nataf;369
Tim Blake Nelson;370
Lijo Jose Pellissery;371
Luis Mandoki;372
Ric Roman Waugh;373
Damien O’Connor;374
Ron Howard;375
Pan Nalin;376
Abhijeet Deshpande;377
Paul Thomas Anderson;378
Tony Bancroft;379
Han Yan;380
Laura Alvea;381
Andrucha Waddington;382
N. Linguswamy;383
Rajat Kapoor;384
Sohail Tatari;385
Paul Serafini;386
Andrew Niccol;387
Juan Zapata;388
Peyton Reed;389
Sherif Ismail;390
Anirban Majumder;391
Marcus Raboy;392
Adam Dubin;393
Raj Kaushal;394
Ken Barbet;395
Manish Jha;396
David Salzberg;397
J.F. Musial;398
Gonzalo López-Gallego;399
Gareth Evans;400
Christian Desmares;401
Jean-Patrick Benes;402
Christopher Chambers;403
Aaron Woodley;404
Marie Madinier;405
Khaled El Halafawy;406
August Jakobsson;407
Eric Abrams;408
Paul Dugdale;409
Nia Dinata;410
Arnab Chaudhuri;411
Tony Elliott;412
James Bamford;413
Brian Volk-Weiss;414
Jason Winer;415
Sarah Smith;416
Anubhav Sinha;417
Edwin;418
John Erick Dowdle;419
James L. Brooks;420
Samit Kakkad;421
Rana Ranbir;422
Santosh Sivan;423
Alex Lehmann;424
Hallvard Bræin;425
John Murlowski;426
Ricardo Maldonado;427
A. Raajdheep;428
Sung-soo Kim;429
Mike Nicoll;430
Jason Stone;431
Bonni Cohen;432
Mati Diop;433
John Putch;434
Mez Tharatorn;435
David Morris;436
Fabrizio Copano;437
Cristi Puiu;438
Mike Rossiter;439
Jay Roach;440
Rohit Mittal;441
Gabe Ibáñez;442
Tate Taylor;443
Ertanto Robby Soediskam;444
Jesse V. Johnson;445
Anthony Russo;446
Levan Tsikurishvili;447
Johnny Kevorkian;448
Aleksandr Chernyaev;449
Prasanth Varma;450
Nicholas Kharkongor;451
Gangadhar Salimath;452
Enrique García Meza;453
Kwabena Gyansah;454
Anthony D'Souza;455
Aziz Ansari;456
Will Lovelace;457
Spike Jonze;458
Ajay Bahl;459
Shadab Khan;460
Milan Luthria;461
Sabir Khan;462
S.S. Rajamouli;463
Gauravv K Chawla;464
Çagan Irmak;465
Müfit Can Saçıntı;466
Alejandro G. Iñárritu;467
Vijay Kumar Arora;468
Stephanie Zwane;469
Shikha Makan;470
José Eduardo Belmonte;471
Louise Alston;472
Rémy Four;473
Yanyong Kuruaungkoul;474
Adam MacDonald;475
Dave Patten;476
Michael Petroni;477
Chris Baugh;478
Nattawut Poonpiriya;479
Jeff Tremaine;480
David Chirchirillo;481
Salima Koroma;482
Kheiron;483
Sumitra Bhave;484
Sujoy Ghosh;485
Justin Lee;486
Vijay S. Bhanushali;487
Simon Wells;488
Phil Weinstein;489
Haissam Hussain;490
Burak Aksak;491
BB Sasore;492
Ben Kasulke;493
Zoe Lister-Jones;494
Aaron Nee;495
Alo Sarkar;496
Tanit Jitnukul;497
Karan Anshuman;498
Manop Janjarasskul;499
Adisorn Tresirikasem;500
Jordi Llompart;501
Raja Menon;502
Mahmoud Sabbagh;503
Matthew Salleh;504
Conrad Helten;505
Adam Wood;506
Zeke Norton;507
Karen J. Lloyd;508
Andrew Tan;509
William Lau;510
Ezekiel Norton;511
Barbra Streisand;512
Olivia M. Lamasan;513
Ashwiny Iyer Tiwari;514
Kyle Newman;515
Anurag Basu;516
Esteban Vidal;517
Vikram Gandhi;518
David Zucker;519
Paul Verhoeven;520
Deep Joshi;521
Dava Whisenant;522
Sam Liu;523
Katarina Launing;524
Mitch Gould;525
Hrishikesh Mukherjee;526
Florian Schott;527
Kyzza Terrazas;528
Sagar Sarhadi;529
Puri Jagannadh;530
Lilibet Foster;531
Joshua Caldwell;532
Volker Arzt;533
Mel Smith;534
Cary Joji Fukunaga;535
Josh Wakely;536
Chris Robinson;537
María Jose Cuevas;538
Wenn V. Deramas;539
Mike Judge;540
Bruce W. Smith;541
Agasyah Karim;542
Julian Jarrold;543
Steve Hickner;544
Tinge Krishnan;545
Ry Russo-Young;546
Mike Flanagan;547
Fisher Stevens;548
Mohamed Khan;549
Keiko Yagi;550
Katherine Fairfax Wright;551
Daniel J. Clark;552
Rajeev Chaudhari;553
Anthony Wonke;554
Constance Marks;555
Omoni Oboli;556
Jesse Handsher;557
Maroun Baghdadi;558
Felix Van Groeningen;559
David Stubbs;560
Federico Veiroj;561
April Mullen;562
Alex Timbers;563
Jon Rosenbaum;564
Kief Davidson;565
Adam Marino;566
Brandon Camp;567
Joe Camp;568
Alex Ranarivelo;569
Hannes Stohr;570
Hakan Algul;571
Cate Shortland;572
Franziska Meyer Price;573
Toshiyuki Kubooka;574
Jeff Tomsic;575
Todd Biermann;576
Ryan Polito;577
Tamer Bassiouni;578
Amy Segal;579
Lonny Price;580
Aaron Lieber;581
Ted Braun;582
Steve Boettcher;583
Jason Paul Laxamana;584
Scott Aukerman;585
Maria Pulera;586
Dharmesh Darshan;587
Khaled Marei;588
Sushrut Jain;589
Liam O'Donnell;590
Anna Stone;591
Majid Majidi;592
Priyadarshan;593
Mahesh Manjrekar;594
Smeep Kang;595
Sneha Taurani;596
Nishil Sheth;597
Rajiv Chilaka;598
Venky Kudumula;599
Jasbir Bijendra Bhati;600
Detlev Buck;601
Joey Kern;602
Dennis Dugan;603
Shawn Levy;604
Scott Martin;605
Ken Kwapis;606
Adriana Trigiani;607
Kaspar Astrup Schröder;608
Bigflo & Oli;609
Ron Oliver;610
Nick Broomfield;611
Eva Orner;612
Shannon Hartman;613
Mike Binder;614
Chris Bould;615
Kevin Booth;616
Jason Sussberg;617
Stephen Daldry;618
Vonda Harrell;619
Indrasis Acharya;620
Gajendra Ahire;621
Sermiyan Midyat;622
Susanne Bier;623
Otilia Portillo Padua;624
Mikhail Red;625
Emanuel Hoss-Desmarais;626
Marianna Palka;627
Ham Tran;628
Miguel Conde;629
Supavitra Babul;630
Raja Chanda;631
Lance Daly;632
Mark Harris;633
Anurag Kashyap;634
Ridley Scott;635
Jose Manuel Colón;636
Ahmet Katıksız;637
Ryan Coogler;638
Alexander Nevsky;639
Kevin MacDonald;640
Jesse Gustafson;641
Craig Brewer;642
Martin Hodara;643
Gabriela Cowperthwaite;644
Caroline Suh;645
Daniel Alfredson;646
Hiroyuki Seshita;647
Ethan Hawke;648
Noriyuki Abe;649
Ben Younger;650
Mahmoud al Massad;651
Clovis Cornillac;652
Johnnie To;653
Deane Taylor;654
Andrew Wessels;655
July Hygreck;656
Jean-François Richet;657
Vishal Mahadkar;658
Miguel Cohan;659
Ted Demme;660
Abdellatif Kechiche;661
Woody Allen;662
Lev L. Spiro;663
Jeremy Saulnier;664
Les Mayfield;665
Derek Cianfrance;666
Rohan Sippy;667
Barry Avrich;668
Nawapol Thamrongrattanarit;669
Bo Burnham;670
Jeremy Kenyon Lockyer Corbell;671
Jay Surridge;672
Elvira Lind;673
Kirk Wise;674
Raj Kapoor;675
Samar Shaikh;676
Dawn Porter;677
Gabriel Clarke;678
Brendan Byrne;679
Siddique;680
Nisheeta Keni;681
Jorge M. Fontana;682
Geoffrey Orthwein;683
Luis Alberto Restrepo;684
Byron Howard;685
Borja Cobeaga;686
Pia Sukanya;687
Riccardo Pilizzeri;688
Alexandra Dean;689
Jelle de Jonge;690
Alain Desrochers;691
Erik Canuel;692
Arthur Penn;693
Kaizad Gustad;694
Perci Intalan;695
Hernán Zin;696
Bryn Evans;697
Gary Cohen;698
Gayane Petrosyan;699
Philippe Aractingi;700
Richard Sears;701
Ahmed Yousry;702
Alê Abreu;703
Chris Stokes;704
Mar Targarona;705
Todor Chapkanov;706
Jay Chapman;707
Qaushiq Mukherjee;708
Gerard Barrett;709
Michael Doneger;710
Tim Neeves;711
Cecilia Peck;712
Jody Lambert;713
Lin Oeding;714
Marc Fouchard;715
Picky Talarico;716
Danish Aslam;717
Lawrence Cheng;718
Sridhar Rangayan;719
Vadim Jean;720
Simon Baker;721
Sandra Restrepo;722
Troy Miller;723
Rian Johnson;724
Mae Czarina Cruz;725
Andibachtiar Yusuf;726
David Ayer;727
Nikhil Nagesh Bhat;728
Park Joon-hwa;729
Robert Adetuyi;730
Antoine Fuqua;731
Julien Abraham;732
Onur Bilgetay;733
Todd S. Yellin;734
Lu Yang;735
Karan Malhotra;736
Vivieno Caldinelli;737
Tejas Prabha Vijay Deoskar;738
Xavier Gens;739
Marcelo Galvão;740
Harry Chaskin;741
Soumendra Padhi;742
Mike Wiluan;743
Andreas Johnsen;744
Anvita Dutt;745
Rima Das;746
Paul Solet;747
Don Michael Paul;748
David McCracken;749
Steve Antin;750
Jon Manning;751
Yann Gozlan;752
Lee Chang-dong;753
Phillip Youmans;754
Gerard McMurray;755
Cary Murnion;756
Sarah Adina Smith;757
Daniel Mann;758
Erik Matti;759
Jun Lana;760
Angelina Jolie;761
Almunsif Alsuwaisi;762
Naman Nitin Mukesh;763
Sachin Yardi;764
Daniele Thompson;765
Travis Zariwny;766
Jarand Herdal;767
Angga Dwimas Sasongko;768
Néstor Sánchez Sotelo;769
Asim Abbasi;770
Madhur Bhandarkar;771
Matt Palmer;772
Momoko Kamiya;773
Philippa Lowthorpe;774
Vlad Yudin;775
Daniel Goldhaber;776
Alexis Morante;777
Carlos Bolado;778
Scott Marshall Smith;779
Lisa Arnold;780
Peter Sattler;781
Harry Elfont;782
Ahmed Nader Galal;783
Ben Shelton;784
Shanawaz Nellikunnil;785
Bernard Rose;786
Frank E. Abney III;787
Justin Pemberton;788
Noushad;789
Erik Kling;790
Olivier Marchal;791
Mark O'Connor;792
Maha Venkatesh;793
Chito S. Roño;794
Arati Kadav;795
Elsa Flores Almaraz;796
Jan Suter;797
Alejandro Hartmann;798
Jos Humphrey;799
Todd Haynes;800
Brian De Palma;801
Susan Johnson;802
Àlex Pastor;803
Matt Piedmont;804
Hubert Woroniecki;805
Christian Alvart;806
Martin Campbell;807
Wong Jing;808
Kitty Green;809
Richard Brooks;810
Steven Spielberg;811
Kagiso Lediga;812
Shalini Kantayya;813
Onur Tukel;814
Brad Peyton;815
Aaron Hancox;816
Henrik Martin Dahlsbakken;817
Pascal Amanfo;818
Shivendra Singh Dungarpur;819
Yandy Laurens;820
Nicholas Hytner;821
Mahesh Bhatt;822
Harry Baweja;823
Prakash Balwant Saini;824
Aatmaram Dharne;825
David Dhawan;826
Umer Adil;827
Aziz Mirza;828
Apurva Dhar Badgaiyann;829
Sudhir Mishra;830
Ken Ghosh;831
Arne Birkenstock;832
Dianne Dreyer;833
Garin Nugroho;834
John Curran;835
Neill Blomkamp;836
Tim Burton;837
Charles A. Nichols;838
Ross Venokur;839
Kevin Smith;840
Jeff Orlowski;841
John Scheinfeld;842
Guilherme Fontes;843
Gurvinder Singh;844
Lee Yoon-jung;845
Jon Favreau;846
James Yukich;847
Lance Bangs;848
Rohit Shetty;849
Bradley Parker;850
Sidheswar Shukla;851
Asit Mohapatra;852
Shyamal Chaulia;853
Anuranjan Premji;854
Mark Dindal;855
Darragh O'Connell;856
Niyi Akinmolayan;857
Tom Holland;858
John Smithson;859
Ayumu Watanabe;860
Vikas Bahl;861
Tan Bing;862
Luis Lopez;863
Safdar Rahman;864
Bedabrata Pain;865
Ken Hughes;866
Atom Egoyan;867
Jean-Claude La Marre;868
Andrew Sandler;869
Bill D'Elia;870
Matt D'Elia;871
Chris Rock;872
Phil Joanou;873
Corbin Bernsen;874
Michael Kampa;875
Marita Grabiak;876
Harvey Lowry;877
Gary Wheeler;878
Ernie Barbarash;879
James Dearden;880
Joe Roth;881
Marc Forster;882
Xavier Manrique;883
Israel Adrián Caetano;884
Mohsin Ali;885
Amal Neerad;886
Handan İpekçi;887
Aaron Hann;888
Rachel Mason;889
Paul Weitz;890
Wi Ding Ho;891
Fernando Meirelles;892
Cavi Borges;893
Madeleine Gavin;894
Pete Travis;895
Yesim Ustaoglu;896
Nick Mead;897
Louis Leterrier;898
Gregory Hoblit;899
Atul Sabharwal;900
Eric Stoltz;901
Fernando Moro;902
Jack Starrett;903
Frank Coraci;904
Alistair Legrand;905
Chris Perkel;906
David Oelhoffen;907
John Crowley;908
Lilly Wachowski;909
Olivier Assayas;910
Phil Lord;911
Cody Cameron;912
Matt Reeves;913
Marcos Bucay;914
Thomas Carter;915
Jeff Chan;916
Michael Dowse;917
Fluvio Iannuci;918
Vishal Mishra;919
Emily Hagins;920
Moses Inwang;921
Carey McKenzie;922
Robert Moresco;923
Jerry Seinfeld;924
Saurav Palodhi;925
Florian Gallenberger;926
Ketan Mehta;927
Zack Whedon;928
Joshua Marston;929
Robert Kenner;930
Pepe Bojórquez;931
Craig Goodwill;932
Jesse Adang;933
Stacie Passon;934
Van M. Pham;935
Gavin Fitzgerald;936
Abdul Aziz Hashad;937
Tomas Brickhill;938
Stuart Rosenberg;939
Jon Watts;940
Ben Steele;941
Arnon Manor;942
Henry Selick;943
Mathieu Auvray;944
Santiago Diaz;945
Jason Bourque;946
Jay Bulger;947
Tolu Awobiyi;948
Alexandre Reinecke;949
Micah Bickham;950
Kip Andersen;951
Stanley Nelson;952
Michelle Esrick;953
Paul Haggis;954
Sammaria Sari Simanjuntak;955
Obi Emelonye;956
Kranti Kanade;957
Patrick Brice;958
Felipe Cano;959
Mariano Barroso;960
Michèle Ohayon;961
Nam Ron;962
Ang Lee;963
Yuen Wo-Ping;964
Jon Alpert;965
Rod Cabatana Marmol;966
Don Mancini;967
Mana Yasuda;968
Tamas Yvan Topolanszky;969
Matt Shakman;970
Zachary Heinzerling;971
Maïmouna Doucouré;972
Prakash Kunte;973
Selçuk Aydemir;974
Spike Lee;975
Ted Emery;976
Chandrakant Kanse;977
Hasan Karacadağ;978
Gary David Goldberg;979
Javier Colinas;980
Steve Carr;981
Amara Cash;982
Pablo Parés;983
Johnson Esthappan;984
Raj Amit Kumar;985
Jean-Marc Vallée;986
Oliver Bokelberg;987
Philipp Eichholtz;988
Huw Cordey;989
Nitesh Tiwari;990
Michael M. Scott;991
Brendan Toller;992
Roger Donaldson;993
Awi Suryadi;994
Isabelle Nanty;995
Julius R. Nasso;996
Agnidev Chatterjee;997
Alexandros Avranas;998
Bernardo Arellano;999
Padraig Reynolds;1000
Gilles Paquet-Brenner;1001
Scott Stewart;1002
Prawal Raman;1003
Parveen Kumar;1004
Cassia Dian;1005
Vanessa Roth;1006
Julie Dash;1007
Stan Lathan;1008
Alastair Fothergill;1009
David Batra;1010
Ricky Gervais;1011
Alex Coletti;1012
Hèctor Hernández Vicens;1013
Amman Abbasi;1014
Rob Seidenglanz;1015
Dylan Haegens;1016
Noah Baumbach;1017
Tom Edmunds;1018
Caryn Waechter;1019
Tanveer Khan;1020
Danny J. Boyle;1021
Svetlana Cvetko;1022
Demetri Martin;1023
Tanuj Bhramar;1024
Hsu Chih-yen;1025
Jason Priestley;1026
Gauri Shinde;1027
Neil LaBute;1028
Fernando Ayllón;1029
Harrison Smith;1030
Adam Wingard;1031
Darren Lynn Bousman;1032
Al Campbell;1033
Clay Porter;1034
Meltem Bozoflu;1035
Abhishek Chaubey;1036
Julio Soto Gurpide;1037
K.C. Bokadia;1038
Anees Bazmee;1039
Louis J. Horvitz;1040
Edward Zwick;1041
Ken Burns;1042
Stefan Brogren;1043
Sydney Freeland;1044
Rakeysh Omprakash Mehra;1045
Abhinay Deo;1046
Gupse Özay;1047
Dennis Iliadis;1048
Camilla Nielsson;1049
Will Canon;1050
Christian Gudegast;1051
Diego Kaplan;1052
Frederick Cipoletti;1053
Sam Patton;1054
LP;1055
Lucas Figueroa;1056
Gabriela Tagliavini;1057
Su I-Hsuan;1058
Mohamed Samy;1059
Christopher Smith;1060
Jamal Hill;1061
Michael Feifer;1062
Saara Cantell;1063
Clay Staub;1064
Masaaki Yuasa;1065
Indra Kumar;1066
Vivek Agnihotri;1067
Fuwad Khan;1068
Manish Saini;1069
Kiran Rao;1070
Umesh Shukla;1071
Hark Tsui;1072
Ben Ryder;1073
Benoît Jacquot;1074
Kirsten Johnson;1075
Johnny Breedt;1076
Volker Weicker;1077
Joey So;1078
Farhan Akhtar;1079
Zoya Akhtar;1080
Kundan Shah;1081
Mani Ratnam;1082
Manjeet Maan;1083
Fajar Bustomi;1084
Chia-Liang Liu;1085
B. Subhash;1086
David 'Tosh' Gitonga;1087
Todd Standing;1088
Benjamin Arfmann;1089
Houda Benyamina;1090
Bruno Garotti;1091
Quentin Tarantino;1092
Maïwenn;1093
Habib Faisal;1094
Deepti Naval;1095
David Lean;1096
Paul Schrader;1097
Alankrita Shrivastava;1098
Francis Whately;1099
Debbie Allen;1100
Philip Marlatt;1101
Charles Martin Smith;1102
Mahin Ibrahim;1103
Jared Hess;1104
Troy Nixey;1105
Mark Lewis;1106
Caradog W. James;1107
Daniel Gordon;1108
Mike Birbiglia;1109
Ángel Gómez Hernández;1110
Mike Newell;1111
Andrzej Bartkowiak;1112
Tony Giglio;1113
Gagan Puri;1114
KVR Mahendra;1115
Tarun Mansukhani;1116
Cris D'Amato;1117
Bruce Beresford;1118
Teddy Chan;1119
John Patrick Shanley;1120
Aleksey German;1121
M.J. Isakson;1122
Kubhaer T. Jethwani;1123
Bo Welch;1124
Scott Mosier;1125
Chris Renaud;1126
Takashi Yamazaki;1127
Wilson Yip;1128
Rob Cohen;1129
Colin Teague;1130
Doug Lefler;1131
Patrik Syversen;1132
Ivan Silvestrini;1133
Elaine Bogan;1134
TJ Sullivan;1135
Greg Rankin;1136
Greg MacGillivray;1137
Tristan Ferland Milewski;1138
Andrew Jenks;1139
Reiner Holzemer;1140
Yeung Yat-Tak;1141
Nishikant Kamat;1142
Fred Wolf;1143
Che Sandoval;1144
Norihisa Hiranuma;1145
Miguel Arteta;1146
Chris Jenkins;1147
Olivia Milch;1148
Afia Nathaniel;1149
Eeshwar Nivas;1150
Anne Fletcher;1151
Ramesh Talwar;1152
Shagufta Rafique;1153
Emma Hatherley;1154
Katy Chevigny;1155
Julien Leclercq;1156
Dave Green;1157
Wash Westmoreland;1158
Anthony Lucero;1159
Will Gluck;1160
Ryan Murphy;1161
Sarjun;1162
Andrew Slater;1163
Matt Bell;1164
Bruce Gowers;1165
Robert Townsend;1166
Bobby Roth;1167
David Moreton;1168
Halder Gomes;1169
Francesco Imperato;1170
Tharun Bhascker;1171
Ajithkumar;1172
Richard Laxton;1173
Naya Anindita;1174
Harjit Singh;1175
Saeed Hamed;1176
Suparn Verma;1177
Shelly Chopra Dhar;1178
Shakun Batra;1179
Yılmaz Erdoğan;1180
Philipp Stölzl;1181
David E. Talbert;1182
Vince Gilligan;1183
Matías Gueilburt;1184
Joseduardo Giordano;1185
Justin Webster;1186
Pablo Aulita;1187
Emir Kusturica;1188
Lorena Munoz;1189
Alessandro Angulo;1190
Gabriela García Rivas;1191
Kate Horne;1192
Federico Lemos;1193
Peter Mimi;1194
K. Ramanlal;1195
Petra Costa;1196
Bassam Kurdali;1197
Akhigbe Ilozobhie;1198
Chanda Bell;1199
Ciarán Foy;1200
Isabel Coixet;1201
John Bridcut;1202
Sebastian Gutierrez;1203
Joel Gallen;1204
Fabien Beziat;1205
Hugues Nancy;1206
Nils Tavernier;1207
Jennifer Westcott;1208
Jon Spira;1209
Michael Thelin;1210
Saurabh Kabra;1211
Riri Riza;1212
Neil Triffett;1213
Kim Nguyen;1214
Greg Coolidge;1215
Ajay Phansekar;1216
Rob Epstein;1217
Denis Villeneuve;1218
Praveen Nischol;1219
Max Amini;1220
Jenny Carchman;1221
Harry Bradbeer;1222
Jason James;1223
Alex Burunova;1224
Robert Clouse;1225
Matthias Hoene;1226
Drake Doremus;1227
Kurt Wimmer;1228
Eric Notarnicola;1229
Eric Idle;1230
Paul Urkijo Alijo;1231
Scott McAboy;1232
Wojciech Marczewski;1233
Sherif Arafa;1234
Alejandro Doria;1235
Marcelo González;1236
Valeria Golino;1237
David Dobkin;1238
Tom Shadyac;1239
Hideaki Anno;1240
Orlando von Einsiedel;1241
Icíar Bollaín;1242
Paul W.S. Anderson;1243
Robi Michael;1244
Joyce Bernal;1245
Trey Borzillieri;1246
Ivan Reitman;1247
Basava Shankar Eeday;1248
Alex Garland;1249
James Lee;1250
Stuart Baird;1251
Anders Sømme Hammer;1252
Michael Whitton;1253
Ben Wallis;1254
Selima Taibi;1255
Seiji Mizushima;1256
Joseph Mbah;1257
Ben Young;1258
Sam Hargrave;1259
Joe Berlinger;1260
Dan Krauss;1261
Paco Plaza;1262
Benny Fine;1263
Sean Olson;1264
Rodrigo Toro;1265
Matt Toronto;1266
Gautier & Leduc;1267
Robert Krantz;1268
Michael McKay;1269
Sanjay Jadhav;1270
Falz;1271
Sedat Kirtan;1272
Sonny Mallhi;1273
Hardik Mehta;1274
Salmeen AlMurry Amer;1275
Keith L. Smith;1276
Michał Tylka;1277
Nagraj Manjule;1278
Barry Gonzalez;1279
Baljit Singh Deo;1280
Shadi Ali;1281
Adrien Lagier;1282
Kader Aoun;1283
Milton Horowitz;1284
Peter Sullivan;1285
Hitoshi Namba;1286
Ian Barber;1287
Leslye Davis;1288
Terry Gilliam;1289
Cory Edwards;1290
Ally Pankiw;1291
Peter Spirer;1292
Elissa Down;1293
Scott L. Montoya;1294
Diego Pignataro;1295
Jan-Peter Horns;1296
Johanna Demetrakas;1297
Rajesh Mapuskar;1298
John Hughes;1299
Norman Jewison;1300
Anna Wieczur-Bluszcz;1301
Biyi Bandele;1302
Fouad Al Shatti;1303
Luke Jurevicius;1304
Padraic McKinley;1305
Ari Levinson;1306
Tony Zierra;1307
James Wong;1308
David R. Ellis;1309
Theodore Boborol;1310
Marla M. Ancheta;1311
Gianfranco Rosi;1312
Drea Cooper;1313
Dylan Mohan Gray;1314
Aruna Raje;1315
Sabal Singh Shekawat;1316
George Ford;1317
Akiyuki Shinbo;1318
Arthur Muhammad;1319
Steven C. Miller;1320
Roy Poortmans;1321
Paul Soriano;1322
Olivia Newman;1323
Nirpal Bhogal;1324
Chris Foggin;1325
Keith Malloy;1326
Andrew Renzi;1327
Célia Catunda;1328
Abhishek Kapoor;1329
Gerry Blaksley;1330
Laurent Bouzereau;1331
Cheh Chang;1332
Maris Curran;1333
Khalid Mohamed;1334
Marc Abraham;1335
Xiaoxing Yi;1336
Kang Cheng;1337
Asri Bendacha;1338
Mercedes Cordova;1339
Juan Manuel Cotelo;1340
Mark Helenowski;1341
Dean Wright;1342
Rucha Humnabadkar;1343
Mark Murphy;1344
Richard Miron;1345
Digo Ricio;1346
Adam Nimoy;1347
Carlos Therón;1348
Jon Carey;1349
Fred M. Wilcox;1350
Akhil Paul;1351
Maya Zinshtein;1352
Antonio Morabito;1353
Hang-Jun Jang;1354
Lee Fulkerson;1355
Krysia Plonka;1356
Seth Gordon;1357
Brad Anderson;1358
Francesco Carrozzini;1359
Ulises Valencia;1360
Matthew Ross;1361
G.J. Echternkamp;1362
Daniel Gray Longino;1363
Grant S. Johnson;1364
Trudie Styler;1365
Adam B. Stein;1366
Felix Binder;1367
Ben Wheatley;1368
Marek Losey;1369
Gary Ross;1370
Simon Wincer;1371
Tinu Pappachan;1372
Ahmed Zain;1373
Marc Levin;1374
Sameh Abdulaziz;1375
Wade Allain-Marcus;1376
Paul Krüger;1377
Jude Okwudiafor Johnson;1378
Marcus Nispel;1379
Simon Verhoeven;1380
Raj Khosla;1381
Ali F. Mostafa;1382
Mahmoud Karim;1383
Werner Herzog;1384
Pierre Morel;1385
Heber Cannon;1386
Andrew Dean;1387
Courtney Hunt;1388
Mrighdeep Singh Lamba;1389
Avinash Walzade;1390
Robert Eagar;1391
Sean Cisterna;1392
Jeff Deverett;1393
Fumihiko Sori;1394
Yasuhiro Irie;1395
Alethea Jones;1396
Denis Do;1397
Bob Rose;1398
Deepa Mehta;1399
Le Van Kiet;1400
Adam Del Giudice;1401
Lai Chun-yu;1402
Chris Smith;1403
Ferzan Özpetek;1404
Hoyt Yeatman;1405
Kıvanç Baruönü;1406
Krish;1407
Manny Rodriguez;1408
Fellipe Barbosa;1409
Michael Simon;1410
Mario Rouleau;1411
Amitoj Mann;1412
Chris Moukarbel;1413
Pavel Parkhomenko;1414
Lucky Kuswandi;1415
Ahmed Al-Badry;1416
Ashwin Saravanan;1417
Kyle Newacheck;1418
Ivan Andrew Payawal;1419
Jean-Claude Flamand-Barny;1420
Keiichi Sato;1421
Austin Peck;1422
Mark A.Z. Dippé;1423
Riki Lindhome;1424
Glenn Weiss;1425
Ifa Isfansyah;1426
Rudy Soedjarwo;1427
Yen Cheng-kuo;1428
Walter Taylaur;1429
Hiroshi Katagiri;1430
Manbhavan Singh;1431
P.K. Baaburaaj;1432
Naoto Amazutsumi;1433
Suseenthiran;1434
David Grossman;1435
Guy Vasilovich;1436
Nicholas Stoller;1437
Olivier Abbou;1438
Dylan Bank;1439
Iñaki Dorronsoro;1440
David Silberg;1441
Amin Dora;1442
Rich Ragsdale;1443
Kazuchika Kise;1444
Mark Steven Johnson;1445
Bassam Tariq;1446
Eric Bress;1447
Patrick Graham;1448
Partho Ghosh;1449
Vincente Minnelli;1450
Ron Krauss;1451
Florent Bodin;1452
Paul M. Green;1453
Sally Potter;1454
Puneet Khanna;1455
Lukas Dhont;1456
Travis Stevens;1457
Weica Wang;1458
Michael Paul Stephenson;1459
Tsutomu Mizushima;1460
Olivier Afonso;1461
James D. Stern;1462
Go Koga;1463
Brett Whitcomb;1464
Peter Lepeniotis;1465
Owen Trevor;1466
Mauro Scandolari;1467
Harold Cronk;1468
Jedd Wider;1469
Gordon Chan;1470
Michael Mason;1471
Francis Lee;1472
Kobun Shizuno;1473
Hong Won-ki;1474
Takuya Inaba;1475
Sam de Jong;1476
Ivan Sen;1477
Kabir Sadanand;1478
Mark Landre Gould;1479
Neslihan Yesilyurt;1480
Umut Aral;1481
Jeff Stilson;1482
Chris McCoy;1483
Wendy Jo Carlton;1484
Tarek Abdel Moaty;1485
Mark Helfrich;1486
George Clooney;1487
Henrik Ruben Genz;1488
Kate Melville;1489
Benny Safdie;1490
Justin Chon;1491
Jay Baruchel;1492
Ari Sandel;1493
Punit Malhotra;1494
Robert Altman;1495
Danny Cannon;1496
Mathieu Kassovitz;1497
Ananth Narayan Mahadevan;1498
Jerrold Tarog;1499
Clint Eastwood;1500
B. Unnikrishnan;1501
Ahmed Zein;1502
Tanuj Chopra;1503
Fab Five Freddie;1504
Randal Kleiser;1505
David Hunt;1506
Abba T. Makama;1507
Peter Orton;1508
Juani Libonatti;1509
Allan Ungar;1510
Nanette Burstein;1511
Miranda de Pencier;1512
Eric Juhola;1513
Keith Scholey;1514
Sam Macaroni;1515
Ruchi Narain;1516
Dani de la Torre;1517
Anjali Nayar;1518
Arjun Jandyala;1519
Sharan Sharma;1520
Shanker Raman;1521
James Woodroffe;1522
Sanjay Leela Bhansali;1523
Faozan Rizal;1524
Ali Taner Baltacı;1525
Ibrahim Bin Mohamed;1526
Ali Bin Matar;1527
Oluseyi Asurf;1528
Mohit Suri;1529
Nila Madhab Panda;1530
Shinji Aramaki;1531
Ian Kirby;1532
Satish Kaushik;1533
John Irvin;1534
Aijaz Khan;1535
Akram Farouk;1536
John Butler;1537
Jeff Garlin;1538
Johnny Martin;1539
Madeleine Parry;1540
Doesjka van Hoogdalem;1541
Tim Van Someren;1542
Mamat Khalid;1543
Jared Stern;1544
Alice Rohrwacher;1545
Amarpreet G S Chabbra;1546
Joe Dietsch;1547
Farah Khan;1548
Luis Javier M. Henaine;1549
Shlok Sharma;1550
Matt Eskandari;1551
Eric Laneuville;1552
Robert Osman;1553
Ilya Naishuller;1554
Bobcat Goldthwait;1555
Paresh Mokashi;1556
Jon Hurwitz;1557
Danny Leiner;1558
Daniel Raim;1559
Ah Loong;1560
Ron Davis;1561
Justin Bare;1562
Aamir Bashir;1563
Christopher Storer;1564
Vinil Mathew;1565
Alberto Arnaut Estrada;1566
Jon Schnitzer;1567
Brant Sersen;1568
Donick Cary;1569
Eddie Martin;1570
Andrew C. Erin;1571
Vibhu Virender Puri;1572
Şenol Sönmez;1573
Steven Soderbergh;1574
Lucien Jean-Baptiste;1575
Davis Guggenheim;1576
Jason Krawczyk;1577
Quinn Lasher;1578
Elle Callahan;1579
Ana Kokkinos;1580
Timo Tjahjanto;1581
Jalil Lespert;1582
Kelly Noonan;1583
David Mirkin;1584
Chris Sivertson;1585
Lucien Bourjeily;1586
Huang Jianming;1587
Leung Lok Man;1588
Tom Gianas;1589
David Mackenzie;1590
Guillermo del Toro;1591
Sohail Khan;1592
Alex Stapleton;1593
Eli Roth;1594
Christel Gibson;1595
Prakash Mehra;1596
Corey Yuen;1597
Joaquín Mazón;1598
Elaine McMillion Sheldon;1599
Raymie Muzquiz;1600
Timothy Woodward Jr.;1601
Stacia Crawford;1602
Shawn Arranha;1603
Liu Jie;1604
Shigeaki Kubo;1605
Yudai Yamaguchi;1606
Pankaj Batra;1607
Byun Hyuk;1608
Scott Hicks;1609
Imtiaz Ali;1610
Sajid Khan;1611
Lucy van Beek;1612
Remi Weekes;1613
Jennifer Lynch;1614
Vishnu Govindhan;1615
David Palmer;1616
Andy Tennant;1617
Joachim Fest;1618
Daniel Kontur;1619
Daniel Ablin;1620
Lars Kaalund;1621
Asim Raza;1622
Gordon Anderson;1623
Neil Armfield;1624
André Odendaal;1625
John Whitesell;1626
Leslie Small;1627
Anthony Scott Burns;1628
Michael A. Nickles;1629
Javier Ambrossi;1630
Curro Velázquez;1631
Will Allen;1632
Note Chern-Yim;1633
Rakshith Thirthahalli;1634
Kaila York;1635
Beyoncé Knowles-Carter;1636
Anindya Chatterjee;1637
Bille Woodruff;1638
Reema Kagti;1639
Rebecca Johnson;1640
Mike Disa;1641
Tim Hill;1642
Sudip Bandyopadhyay;1643
Pailin Wedel;1644
Brodje Wemboendja;1645
Alexandre Aja;1646
Gary Andrews;1647
Ayush Raina;1648
Jeff Baena;1649
Marty Stalker;1650
Scott Cooper;1651
Michael Polish;1652
Yuki Yamato;1653
Jill Bauer;1654
Max McGill;1655
Akiva Schaffer;1656
Andaç Haznedaroğlu;1657
Thor Freudenthal;1658
Janusz Majewski;1659
Genndy Tartakovsky;1660
Shashanka Ghosh;1661
Mark Tonderai;1662
Alex Merkin;1663
Sandy Chronopoulos;1664
Ziga Virc;1665
Bruce Leddy;1666
David M. Rosenthal;1667
Tom O'Dell;1668
Ken Marino;1669
Lionel C. Martin;1670
Jerry Rothwell;1671
Joanna Lombardi;1672
Jocelyn Moorhouse;1673
Cal Seville;1674
Dean DeBlois;1675
Cal Saville;1676
James Ivory;1677
Amar Gupte;1678
Sooraj R. Barjatya;1679
Adam Bolt;1680
Raj Kanwar;1681
Shashank Khaitan;1682
Drew Casson;1683
Taika Waititi;1684
Keoni Waxman;1685
Jonathan Mostow;1686
Harshavardhan Kulkarni;1687
Matt Kugelman;1688
Saji Surendran;1689
Gabriel Grieco;1690
Benjamin Turner;1691
Jeffrey Schwarz;1692
Mary Mazzio;1693
Christophe Charrier;1694
Laura VanZee Taylor;1695
Justin Kelly;1696
Grant Sputore;1697
Eleonore Pourriat;1698
Feng Xiaogang;1699
Raoul Peck;1700
Adam Sjöberg;1701
Osgood Perkins;1702
Ross Boyask;1703
Unjoo Moon;1704
Chuck Russell;1705
Kasper Collin;1706
Macon Blair;1707
Douglas McGrath;1708
Maria Demeshkina Peek;1709
Jérémy Clapin;1710
Laura Mañá;1711
Ken Loach;1712
Justin Krook;1713
Steve Race;1714
Lindsey Cordero;1715
Fernando Frías de la Parra;1716
Charlie Kaufman;1717
Hong-seon Kim;1718
Alex Richanbach;1719
Adam Randall;1720
Bryan Fogel;1721
Brett Harvey;1722
Law Wing-cheong;1723
Sachin;1724
Will McCormack;1725
Tony Leondis;1726
Sanjib Dey;1727
Steve Paley;1728
Kim Jee-woon;1729
Karey Kirkpatrick;1730
Karan Shivajirao Chavan;1731
Walerian Borowczyk;1732
Steve Cheng;1733
Malik Vitthal;1734
Ti West;1735
Anthony Byrne;1736
Joel Oliansky;1737
Patricia Font;1738
Tope Oshin;1739
Frank Rajah Arase;1740
Hamad AlSarraf;1741
Taron Lexton;1742
Johannes Roberts;1743
Jim Mickle;1744
Vincenzo Natali;1745
Sunao Katabuchi;1746
Christopher Nolan;1747
Aytaç Ağırlar;1748
Eric Zaragosa;1749
Suman Mukhopadhyay;1750
Jonathan Baker;1751
Elizabeth Chai Vasarhelyi;1752
Brad Bird;1753
Sanjeev Gupta;1754
Stephen S. Campanelli;1755
John Stewart Muller;1756
Jacob Kornbluth;1757
Luca Vullo;1758
Sittisiri Mongkolsiri;1759
Ziad Doueiri;1760
Iain Softley;1761
Seren Yüce;1762
K. Subhash;1763
Michael J. Bassett;1764
James Wan;1765
Eugenio Derbez;1766
Michael Gallagher;1767
Vetrimaaran;1768
Christopher Martin;1769
Patricia Rozema;1770
Sean Penn;1771
Alejandro Montiel;1772
Toshiya Shinohara;1773
Pablo Giorgelli;1774
Charles Officer;1775
John Trengove;1776
Jonathan Helpert;1777
Kedar Shinde;1778
Jacob Schwab;1779
Serge Ou;1780
Leo Riley;1781
Timo Vuorensola;1782
Stephanie Laing;1783
Rohena Gera;1784
Prime Cruz;1785
V. K. Prakash;1786
Oliver Kienle;1787
Chairun Nissa;1788
Jadesola Osiberu;1789
Manish Tiwary;1790
Trey Edward Shults;1791
Billy Lyons;1792
Aniedi Anwah;1793
Maria Ripoll;1794
Abhay Chopra;1795
Zatella Beatty;1796
Young Jun Lee;1797
Shirish Kunder;1798
Abbas Tyrewala;1799
Mathias Malzieu;1800
Harvey Glazer;1801
Stuart Orme;1802
Brian Klein;1803
Richard van't Riet;1804
Dave Skinner;1805
Dustin Nguyen;1806
Kumaran;1807
Johan Brisinger;1808
Shanjey Kumar Perumal;1809
Navjot Gulati;1810
Jimmy Henderson;1811
Girish Malik;1812
Dan Lucchesi;1813
Azfar Jafri;1814
Aadish Keluskar;1815
Rohit Jugraj;1816
Ksshitij Chaudhary;1817
Sergio Barrejón;1818
Robb Dipple;1819
Jon M. Chu;1820
Gillian Robespierre;1821
Lydia Tenaglia;1822
Michael Bonfiglio;1823
Joe DeMaio;1824
Christian Charles;1825
Marty Callner;1826
Ali Scher;1827
Gerry Hoban;1828
C. Fitz;1829
Numa Perrier;1830
Michael Drumm;1831
Jeannie Gaffigan;1832
Scott Zabielski;1833
Joe Boyd;1834
Sam Wrench;1835
John A. Davis;1836
Navaniat Singh;1837
Stephen Herek;1838
David Gelb;1839
Radhu Karmakar;1840
Lee Jeong-beom;1841
Griffin Dunne;1842
José Miguel Contreras;1843
Ashutosh Gowariker;1844
John Edginton;1845
Anthony Giordano;1846
Ashim Ahluwalia;1847
Michael Epstein;1848
Andrew Stanton;1849
Ahishor Solomon;1850
Will Forbes;1851
Rhys Thomas;1852
Aditya Vikram Sengupta;1853
Lô Politi;1854
Bill Oliver;1855
Toby Haynes;1856
Amardeep Singh Gill;1857
Rob LaDuca;1858
Joe Piscatella;1859
Sébastien Betbeder;1860
Sudabeh Mortezai;1861
Clark Johnson;1862
Judah Friedlander;1863
Atharv Baluja;1864
Susannah Heath-Eves;1865
Nora Ephron;1866
Kenny Ortega;1867
Salim Akil;1868
Phil Morrison;1869
Lana Wachowski;1870
Roberto Santucci;1871
Ole Bornedal;1872
Andy Caballero;1873
Richard Gabai;1874
Jonathan Demme;1875
Stephanie Turner;1876
Kathryn Bigelow;1877
Bedran Güzel;1878
Sanjay Gupta;1879
Makarand Mane;1880
Kranti Redkar;1881
Rai Yuvraj Bains;1882
Soham Shah;1883
Terrie Samundra;1884
Tinnu Anand;1885
Jijo Pancode;1886
Pa. Ranjith;1887
Karan Johar;1888
Sandeep Reddy Vanga;1889
Buta Singh;1890
Roger Allers;1891
Pooja Bhatt;1892
Nikkhil Advani;1893
Sundar C.;1894
Rupert Jones;1895
Hani Al-Shaibani;1896
Dhilip Kumar;1897
Mandla Dube;1898
Arun Chidambaram;1899
Jayan Moodley;1900
Desingh Periyasamy;1901
Musthafa;1902
Wagner de Assis;1903
Ali Ragab;1904
Vijay Lalwani;1905
Hanung Bramantyo;1906
James Mangold;1907
Sai Paranjape;1908
Linda Mendoza;1909
Colin Dench;1910
Lorene Machado;1911
Brit McAdams;1912
Alphonso J. Wesson;1913
Gary Binkow;1914
Nikhil Advani;1915
Vineeth Anil;1916
Madhumita;1917
Lynn Novick;1918
Angshuman Ghosh;1919
Tom Stern;1920
Andy Fickman;1921
Paul Miller;1922
Lori Kaye;1923
Subhash Ghai;1924
Mohammed Hussain;1925
Dibakar Banerjee;1926
Surya S.J.;1927
Sudipto Roy;1928
Dimitri Logothetis;1929
John Stockwell;1930
Thomas Sieben;1931
Tugçe Soysop;1932
Steven Gomez;1933
Frédéric Tonolli;1934
Paul Tanter;1935
Jonathan Hensleigh;1936
Avinash Arun;1937
Damián Romay;1938
Darren Grant;1939
Andrew Dominik;1940
Attila Till;1941
Paul Katis;1942
Felix Thompson;1943
Kemi Adetiba;1944
Sam Voutas;1945
Jeffrey W. Byrd;1946
Lucy Cohen;1947
Steve Greenwood;1948
Peter Farrelly;1949
Deniz Gamze Ergüven;1950
Puneet Sira;1951
Gary Fleder;1952
Joshua Tickell;1953
Sigrid Andrea Bernardo;1954
Woo Ming Jin;1955
Sergio Pablos;1956
Rachel Lears;1957
Frank Capra;1958
Alex Proyas;1959
Mark Raso;1960
Partho Mitra;1961
Jonathan Taylor;1962
Chakri Toleti;1963
Noor Imran Mithu;1964
Joachim Rønning;1965
Gulzar;1966
Hans Petter Moland;1967
Munjal Shroff;1968
Tilak Shetty;1969
Ravikanth Perepu;1970
Santram Varma;1971
Oliver Blackburn;1972
Datta Mohan Bhandare;1973
William H. Macy;1974
Anil V. Kumar;1975
Remy Kohli;1976
Stephen Chow;1977
Andrés Couturier;1978
Tim Johnson;1979
Rodolphe Guenoden;1980
Stanley Tong;1981
Suresh Pillai;1982
Renzil D'Silva;1983
Tensai Okamura;1984
Yusuf Pirhasan;1985
Sangeeth Sivan;1986
Umesh Ghadge;1987
Devin Chanda;1988
Samir Karnik;1989
Camille Shooshani;1990
Leandro Mark;1991
Daniel Lindsay;1992
Luis Valdez;1993
Giulio Base;1994
Antonio Díaz;1995
Pepe Mora;1996
Roberto Girault Facha;1997
Alejandro Lozano;1998
Syed Ahmad Afzal;1999
Manav Shah;2000
Sopon Sukdapisit;2001
Uraaz Bahl;2002
Greta Gerwig;2003
Chris Nahon;2004
M. Night Shyamalan;2005
Emmanuel Mouret;2006
Lygia Barbosa da Silva;2007
Mike Ezuruonye;2008
Sushil Majumdar;2009
Sam Loh;2010
Tosin Coker;2011
R. Ellis Frazier;2012
Alex Parkinson;2013
Jaki Bradley;2014
Kazuaki Kiriya;2015
Massy Tadjedin;2016
Juliet May;2017
Frank W Chen;2018
Regina Welker;2019
John Hillcoat;2020
Matthew Vaughn;2021
Mijke de Jong;2022
Damien Piscarel;2023
Emmanuel Amara;2024
Leslie Iwerks;2025
Anand Tucker;2026
Eric Summer;2027
Roy Allen Smith;2028
Ron Myrick;2029
B.N. Shajeer Sha;2030
Lee Daniels;2031
Vic Armstrong;2032
Brian Helgeland;2033
Zack Snyder;2034
Yang Lei;2035
Joe Menendez;2036
Rick Morales;2037
Anders Falck;2038
Michael D. Black;2039
Rob Silvestri;2040
Greg Richardson;2041
Ashraf Fayeq;2042
Jayaprakash Radhakrishnan;2043
Mario Cambi;2044
Pascal Blanchard;2045
Tom Hooper;2046
David Benioff;2047
Kim A. Snyder;2048
John Ridley;2049
Luke Snellin;2050
John Huston;2051
Inas El-Degheidy;2052
Onur Ünlü;2053
Jenna Laurenzo;2054
Vince Marcello;2055
Geetu Mohandas;2056
Brian Webber;2057
Jason Spingarn-Koff;2058
Rakesh Mehta;2059
Pawan K Shrivastava;2060
John Haptas;2061
Justin McConnell;2062
Ekene Som Mekwunye;2063
Kevin Peeples;2064
Lauren Miller Rogen;2065
Alfonso Arau;2066
Sebastian Jones;2067
Charles Stone III;2068
Prasobh Vijayan;2069
Vrinda Samartha;2070
Jazz Boon;2071
Isabel Sandoval;2072
Karim El Sobky;2073
Genevieve Nnaji;2074
Ellen Weissbrod;2075
Rob Meyer;2076
Hua Shan;2077
Eli Craig;2078
Tim Bartley;2079
Robyn Butler;2080
Ira Sachs;2081
Matt Kay;2082
Richard Greenberg;2083
Prakash Satam;2084
Zach Clark;2085
Ramsey Nouah;2086
Nick Gomez;2087
Rene Bueno;2088
Fouad El-Mohandes;2089
Guy Ritchie;2090
Steven Knight;2091
James Mather;2092
Fernando Sariñana;2093
Sudhanshu Saria;2094
Michael Anderson;2095
Eduardo Roy Jr.;2096
Christian Zübert;2097
Mark McQueen;2098
Kristian Mercado;2099
Jakob Verbruggen;2100
Jacob LaMendola;2101
Jennifer Baichwal;2102
Sze Yu Lau;2103
David Wnendt;2104
Parambrata Chatterjee;2105
Juan Carlos Rulfo;2106
Jorge Hernandez Aldana;2107
Ignacio López Escrivá;2108
Tom Donahue;2109
Sarah Moshman;2110
Guillaume Pierret;2111
Liz Garbus;2112
Sunkanmi Adebayo;2113
Christopher Guest;2114
Louis C.K.;2115
Jatla Siddartha;2116
RZA;2117
Charneice Fox;2118
Pang Ho-cheung;2119
Andy Delaney;2120
Alfons Adetuyi;2121
Theodore Witcher;2122
Lasja Fauzia Susatyo;2123
Saandeep Patel;2124
Tianyu Zhao;2125
Anand Tiwari;2126
Steven Fine;2127
Ahmad Samir Farag;2128
Dean Craig;2129
Sridhar Jetty;2130
Christian Ditter;2131
Anita Barbosa;2132
So Yong Kim;2133
Alma Har'el;2134
Jeff Nichols;2135
Katherine Brooks;2136
Lucas Margutti;2137
Ana Quiroga;2138
Jun-seong Kim;2139
Ranjit Tiwari;2140
Radhika Rao;2141
Laxman Utekar;2142
Hayao Miyazaki;2143
Prabhuraj;2144
Ticoy Rodriguez;2145
Sameer Sharma;2146
Jayan Vannery;2147
George C. Wolfe;2148
Pratim D. Gupta;2149
Dylan C. Brown;2150
Debaloy Dey;2151
Robert Rodriguez;2152
Antonio Serrano;2153
George Miller;2154
Callie Khouri;2155
Jim Monaco;2156
Chun Wong;2157
Eric Darnell;2158
Ben Patterson;2159
Mikhil Musale;2160
Satyajit Bhatkal;2161
Shoojit Sircar;2162
Aaron Burns;2163
Iginio Straffi;2164
Luc Vinciguerra;2165
Benjamin Ree;2166
Amaan Khan;2167
Amarjit Virdi;2168
Gaurav Bavdankar;2169
Li Pei-Chuan;2170
Prem Soni;2171
Chandan Arora;2172
Nathan Wiley;2173
Marlene Melchior;2174
Oded Raz;2175
Sameer Vidwans;2176
Mangesh Hadawale;2177
Olaf de Fleur;2178
Michael Winnick;2179
Raj R;2180
Amro Salah;2181
Keanu Reeves;2182
Chang-Min Lee;2183
Ben Palmer;2184
Shyam Benegal;2185
Tathagata Banerjee;2186
David Gordon Green;2187
John Upchurch;2188
Tom O'Brien;2189
John Woo;2190
Shamzu Zayba;2191
David Fincher;2192
Rahul Ravindran;2193
Michael Roberts;2194
Navdeep Singh;2195
Shammi Kapoor;2196
J. Davis;2197
Nandita Das;2198
Rahat Kazmi;2199
Phanindra Narsetti;2200
Amshan Kumar;2201
David Cronenberg;2202
Clive Tonge;2203
Lynn Shelton;2204
Caio Cobra;2205
Alik Sakharov;2206
Pedring A. Lopez;2207
Jessica Yu;2208
Jordan Brady;2209
Nathan Landeg;2210
Pulkit;2211
Sunil Thakur;2212
Everardo Gout;2213
David Raynr;2214
David Batty;2215
Jean-François Blais;2216
Deepika Narayan Bhardwaj;2217
Eric Drath;2218
Mitch Schauer;2219
Hiromasa Yonebayashi;2220
Omung Kumar;2221
Rob Marshall;2222
Malik Nejer;2223
Neeraj Udhwani;2224
Shekhar Kapur;2225
Ui-seok Jo;2226
Yuen Woo-ping;2227
Obaid Alhmoudi;2228
Pablo D'Alo Abba;2229
Craig Freimond;2230
Sudesh Manjrekar;2231
Aditya Sarpotdar;2232
Daniel Noah;2233
Philip Yung;2234
Hassan Hegazy;2235
Bob Hercules;2236
Muh Chen;2237
Samuel D. Pollard;2238
Maz Jobrani;2239
Jesús Magaña Vázquez;2240
Nathan Morlando;2241
Melanie Mayron;2242
Mina Shum;2243
Jacek Koprowicz;2244
Paul Berczeller;2245
Anik Datta;2246
Saravana Rajendran;2247
Binu Ulahhannan;2248
Bob Odenkirk;2249
Shin-yeon Won;2250
Lucas Santa Ana;2251
Janet Tobias;2252
Barry Sonnenfeld;2253
Ayman Makram;2254
Josh Z. Weinstein;2255
John Barnard;2256
Hepi Mita;2257
Sacha Wolff;2258
David Sington;2259
Chris Sparling;2260
Owen Egerton;2261
Lenin Bharathi;2262
James Hawes;2263
Toka McBaror;2264
Atlee Kumar;2265
Fabrice Du Welz;2266
Nimród Antal;2267
Ananda Krishnan;2268
Julio Fernández Talamantes;2269
Shojiro Nishimi;2270
Alejandro Fernández Almendras;2271
Gastón Duprat;2272
Santosh Manjrekar;2273
Bharat Nalluri;2274
Ribhu Dasgupta;2275
Oz Rodriguez;2276
Daniel Wilner;2277
Chris Howe;2278
Page Hurwitz;2279
George Gallo;2280
Maxwell McGuire;2281
Clint Butler;2282
Seth Barrish;2283
L. Frazier;2284
Kevin Bray;2285
David Mrnka;2286
Peter Berg;2287
Axelle Laffont;2288
Gus Van Sant;2289
Andrew Goth;2290
Sean Foley;2291
Fabio Guaglione;2292
Eddie Mensore;2293
Matt D'Avella;2294
Anil Thomas;2295
Gavin O'Connor;2296
Mehmet Ada Öztekin;2297
Oriol Paulo;2298
Mamoru Hosoda;2299
Tarsem Singh;2300
Emcy Joseph;2301
Erwin van den Eshof;2302
Lana Wilson;2303
Keiichi Hara;2304
Narendra Nath;2305
Jason Lai;2306
Liv Ullmann;2307
Kenny Young;2308
Jennifer Siebel Newsom;2309
Barbara Kopple;2310
Julia Hart;2311
R.J. Daniel Hanna;2312
Robert Nixon;2313
David Fairhead;2314
Apoorva Lakhia;2315
David Blair;2316
Osman Ali;2317
Anna Boden;2318
Greg Whiteley;2319
Munish Bhardwaj;2320
Muhammad Ali;2321
Ted Geoghegan;2322
William Monahan;2323
Aaron Sorkin;2324
Ravi Udyawar;2325
Martin Rosete;2326
Pablo Lejarreta;2327
Brett Ratner;2328
Robert Vince;2329
Ahmed El Gendy;2330
Holger Tappe;2331
Steve Sacks;2332
Avgousta Zourelidi;2333
Steve Ball;2334
Dustin McKenzie;2335
Victor Dal Chele;2336
Mike Fetterly;2337
Dan Fraga;2338
Audu Paden;2339
Gil Kenan;2340
Leopoldo Aguilar;2341
Tom Green;2342
Rachel Bell;2343
Will Yapp;2344
Terry Hughes;2345
Roger Graef;2346
Terry Jones;2347
Duncan Jones;2348
Barry Jenkins;2349
Antoine Bardou-Jacquet;2350
Jami;2351
Chad Hartigan;2352
Michael Mayer;2353
Avadhoot Gupte;2354
Dilip Mehta;2355
Matthew Michael Carnahan;2356
Tatsushi Omori;2357
Debamitra Biswal;2358
Suhas Kadav;2359
Jennifer Peedom;2360
Thierry Demaizière;2361
Andy Serkis;2362
Thiru;2363
Tomer Heymann;2364
Rob Minkoff;2365
Diego Luna;2366
Paco Cabezas;2367
Noël Wells;2368
Lee Eung-bok;2369
Anthony Chan;2370
Craig Gillespie;2371
Wael Ihsan;2372
Nabil Ayouch;2373
Cristina Costantini;2374
Dee Rees;2375
Mysskin;2376
Andrés Feddersen;2377
Yasmin Ahmad;2378
Manjeet Singh;2379
Anant Balani;2380
Syamsul Yusof;2381
Navinder Pal Singh;2382
Alexandre Heboyan;2383
James Bobin;2384
Varun Narvekar;2385
Rajan Madhav;2386
Sarthak Dasgupta;2387
Dado C. Lumibao;2388
Craig Elrod;2389
Carlos Morett;2390
Lewis Milestone;2391
Nakul Singh Sawhney;2392
Bruce McDonald;2393
Sophie Robinson;2394
Álex de la Iglesia;2395
Samir Soni;2396
Waymon Boone;2397
Dash Shaw;2398
Nathaniel Warsh;2399
Raaghav Dar;2400
Dani Levy;2401
Howard Zieff;2402
Nana Ekvtimishvili;2403
Alessandro Pepe;2404
Claude Barras;2405
Ishi Rudell;2406
Jayson Thiessen;2407
Denny Lu;2408
Michael Steed;2409
Pippa Ehrlich;2410
David Sampliner;2411
Siu-hung Chung;2412
John Dower;2413
Nick Cassavetes;2414
Upi Avianto;2415
David Lee Miller;2416
Atsajun Sattakovit;2417
Antongiulio Panizzi;2418
Simon Curtis;2419
Bunmi Ajakaiye;2420
Moataz El Tony;2421
Donald Petrie;2422
Sabu Varghese;2423
Rajesh Touchriver;2424
Krishna Agazzi;2425
Dennis Bartok;2426
Ben Bowie;2427
Heidi Saman;2428
Nonzee Nimibutr;2429
Kristin Hanggi;2430
Haifaa Al-Mansour;2431
Hayato Date;2432
Hajime Kamegaki;2433
Masahiko Murata;2434
Hirotsugu Kawasaki;2435
Toshiyuki Tsuru;2436
Amit Saxena;2437
Martín Sastre;2438
Natalia Valdebenito;2439
Phil Burgers;2440
Alina Teodorescu;2441
Mansore;2442
Sonia Kennebeck;2443
Gene Quintano;2444
Jon Turteltaub;2445
Roman Atwood;2446
Chad L. Scheifele;2447
George Stevens;2448
Yu Yang;2449
Neal Brennan;2450
Jaivi Dhanda;2451
Hari Nath;2452
Pablo Larraín;2453
Josh Webber;2454
Dennie Gordon;2455
Kunal Kohli;2456
Kevin R. Adams;2457
Arun Vaidyanathan;2458
Faraday Okoro;2459
Jordana Spiro;2460
Kelly Reichardt;2461
Tiller Russell;2462
Dan Gilroy;2463
Nicholaus Goossen;2464
Selvamani Selvaraj;2465
Tope Alake;2466
James McTeigue;2467
Yoshiyuki Momose;2468
Sathyan Anthikad;2469
Atsuko Ishizuka;2470
Samir Al Asfory;2471
Jesús Torres Torres;2472
Ruel S. Bayani;2473
Vandana Kataria;2474
Gaspar Antillo;2475
Bartosz M. Kowalski;2476
Brian Knappenberger;2477
Liz Plonka;2478
Anthony Bell;2479
Tim Maltby;2480
Richard Finn;2481
Heidi Ewing;2482
Kiki Goshay;2483
Carlos Sorín;2484
Peter Middleton;2485
Fred Cavayé;2486
Alexandre Avancini;2487
Rushmore DeNooyer;2488
Martin Gorst;2489
Giulia Clark;2490
Sarah Holt;2491
Terri Randall;2492
Doug Hamilton;2493
Peter Fison;2494
Graham Townsley;2495
Paula Apsell;2496
Oliver Twinch;2497
Llewellyn M. Smith;2498
Daniel McCabe;2499
Peter Yost;2500
Tom Stubberfield;2501
Noel Dockstader;2502
Gail Willumsen;2503
Sacha Gervasi;2504
Lesli Linka Glatter;2505
Peter Pardini;2506
Sam Taylor-Johnson;2507
DJ Chen;2508
Dana Doron;2509
Enrico Bisi;2510
Lars von Trier;2511
Marco Dutra;2512
Mat Whitecross;2513
Jacques Perrin;2514
Luke Sparke;2515
Blair Simmons;2516
Nishanth Ravindaran;2517
Nacho G. Velilla;2518
Fernando González Molina;2519
Shawn Crahan;2520
Florian Schnell;2521
Olivier Jean-Marie;2522
Poj Arnon;2523
Michael John Warren;2524
B. V. Nandini Reddy;2525
Bong Joon Ho;2526
Kitaro Kosaka;2527
André D'Elia;2528
David Schalko;2529
Oliver Stone;2530
Ildiko Enyedi;2531
Alessio Cremonini;2532
Clarence Yiu-leung Fok;2533
Heitor Dhalia;2534
Pradip Kurbah;2535
Felix Chong;2536
Kanwal Sethi;2537
Matt Askem;2538
Charlie Lightening;2539
Simon Rumley;2540
Sergio Leone;2541
Shashilal K. Nair;2542
Devika Bhagat;2543
Banjong Pisanthanakun;2544
Ashok Nanda;2545
Morgan Spurlock;2546
Roman Gackowski;2547
Mike Clattenburg;2548
Tim Rouhana;2549
Noah Moskin;2550
Jasmine D'Souza;2551
Manatsanun Phanlerdwongsakul;2552
Takashi Doscher;2553
Nicolas Winding Refn;2554
Michael Civille;2555
Bill Guttentag;2556
Isaac Rentz;2557
Tomas Portella;2558
Martin Wood;2559
John H. Lee;2560
Dante Lam;2561
Logan Kibens;2562
Chia Tang;2563
Mark Ritchie;2564
Hatem Khraiche;2565
Lee Kirk;2566
Peter McDonnell;2567
Kiran Narayanan;2568
Chris Kelly;2569
Ben C. Lucas;2570
Parthiban;2571
Jayaraj Rajasekharan Nair;2572
Mark Franchetti;2573
Jesse Peretz;2574
Miguel Ángel Lamata;2575
Ritesh Batra;2576
Takuya Igarashi;2577
John Hoffman;2578
Dylan Howitt;2579
Adam Collins;2580
Mikael Håfström;2581
Glen Keane;2582
Murat Kepez;2583
Chanon Yingyong;2584
Paul Spurrier;2585
Richard LaGravenese;2586
Tigmanshu Dhulia;2587
Chandran Narikode;2588
Sudha Kongara;2589
Jorge Granier;2590
Juan Antin;2591
Mariana Tschudi;2592
R. Balki;2593
Frasco Mortiz;2594
Rakesh Ranjan Kumar;2595
Amol Palekar;2596
Paakhi Tyrewala;2597
Piti Jaturaphat;2598
Amber Tamblyn;2599
Alex Law;2600
Eduardo Pinto;2601
Cosima Spender;2602
Feroz;2603
Jung-woo Park;2604
Rana Eid;2605
Jonathan A. Rosenbaum;2606
Bhagyaraj;2607
Rebecca Addelman;2608
Xavier Durringer;2609
Monique Gardenberg;2610
Daryl Hannah;2611
Oren Peli;2612
Franck Phelizon;2613
Sam Fell;2614
Daniel Arasanz;2615
Gafoor Y. Elliyaas;2616
Syed Atif Ali;2617
Jennie Livingston;2618
Elisabeth Vogler;2619
Kim Joo-hyung;2620
Abhishek Sharma;2621
Ian MacNaughton;2622
Kevin Hooks;2623
Mandie Fletcher;2624
Phillip Noyce;2625
Dileep Narayanan;2626
Cheta Chukwu;2627
Paritosh Painter;2628
Suman Ghosh;2629
Felix Starck;2630
John Lee;2631
Paul Reubens;2632
Anusha Rizvi;2633
Han Han;2634
Mohd Khairul Azri Bin Md Noor;2635
Shubham Singh;2636
Rodrigo Triana;2637
Mark Palansky;2638
J.C. Falcón;2639
C.J. Wallis;2640
James Foley;2641
Rayka Zehtabchi;2642
Lee Kyoungmi;2643
Jason Orley;2644
Tony Stone;2645
Reinhard Klooss;2646
Karthik Subbaraj;2647
Ali Samadi Ahadi;2648
Karan Lalit Butani;2649
Kabir Khan;2650
Jean-Loup Felicioli;2651
Neeraj Vora;2652
Ajay Bhuyan;2653
Vijay Maurya;2654
Abhishek Saxena;2655
Dana Nachman;2656
Peter Webber;2657
Kornél Mundruczó;2658
Nicolas Pesce;2659
Christopher Nolen;2660
Vinod Kapri;2661
Mat King;2662
Aniruddha Roy Chowdhury;2663
Byeon Hee-sun;2664
Shazia Ali Khan;2665
Oscar Micheaux;2666
Akshay Akkineni;2667
Christophe Honoré;2668
Jorge Blanco;2669
Gabriele Muccino;2670
Jean-Simon Chartier;2671
QLF;2672
Tom Whitworth;2673
Alfonso Rodríguez;2674
Guillermo Garcia;2675
Joe Lynch;2676
Kunihiko Yuyama;2677
Tetsuo Yajima;2678
Lars Klevberg;2679
Nidhi Sharma;2680
Ziggy Hofmeyr;2681
Wim Wenders;2682
Gabe Klinger;2683
Wolfgang Petersen;2684
Sameer Patil;2685
Steve McLean;2686
Shreyas Talpade;2687
Shirley Frimpong-Manso;2688
Seth Henrikson;2689
Dhanush;2690
Charlie Haskell;2691
James Barr;2692
Ashish R. Shukla;2693
Sanjiv Jaiswal;2694
Sam Irvin;2695
Linda Korsten;2696
Bhavik Thakore;2697
Stephen Cone;2698
Tamara Jenkins;2699
Bhavin Wadia;2700
Kanika Batra;2701
Henry Joost;2702
Nelson McCormick;2703
Zeek Earl;2704
Sang-ho Yeon;2705
Ian Edelman;2706
Kabir Bhatia;2707
Anurag Singh;2708
Ranjit Jeyakodi;2709
Luis Prieto;2710
Roy Burdine;2711
Chris Miller;2712
Luv Ranjan;2713
Saket Chaudhary;2714
Michael Tolajian;2715
Tanuja Chandra;2716
Jagdeep Sidhu;2717
Daan Jansen;2718
Dustin Hoffman;2719
Carlos Vermut;2720
Roy Campanella II;2721
Rashida Jones;2722
Saravana Rajan;2723
Richard Correll;2724
Honey Trehan;2725
Mastan Alibhai Burmawalla;2726
Raphael Erichsen;2727
Peter Howitt;2728
Hari Viswanath;2729
Lydia Dean Pilcher;2730
Rahul Dholakia;2731
Pawan Kripalani;2732
Bhushan Patel;2733
Manish Gupta;2734
Jeremy Coon;2735
Ding Sheng;2736
Barry Levinson;2737
Soukarya Ghosal;2738
Linas Phillips;2739
Peter Sollett;2740
Kunal Deshmukh;2741
Leena Yadav;2742
Basu Chatterjee;2743
Abhijit Kokate;2744
Phil Johnston;2745
Anthony Pierce;2746
Derek Peck;2747
Eric Khoo;2748
Sanjay Dayma;2749
Uwe Boll;2750
Kim Sung-hoon;2751
Girish Joshi;2752
Gore Verbinski;2753
Amir Mohiuddin;2754
Alejandro Ruax;2755
Robin Aubert;2756
Michael Showalter;2757
Hussein Kamal;2758
Husam El-Gohari;2759
Luis Javier Henaine;2760
Tom Whitter;2761
Nicholas Ray;2762
Karl Mueller;2763
Michael James Regan;2764
Craig Anderson;2765
John Milius;2766
Amitava Bhattacharya;2767
Marina Willer;2768
Clementine Malpas;2769
Benjamin Dickinson;2770
Andy Capper;2771
Brian Oakes;2772
Bent-Jorgen Perlmutt;2773
Sam Cullman;2774
Stuart Sender;2775
Kelly Duane de la Vega;2776
Sara Dosa;2777
Shamyl Othman;2778
Allen Coulter;2779
Julián Hernández;2780
Shin Won-ho;2781
René Pérez Joglar;2782
Merawi Gerima;2783
Linda Saffire;2784
Andrew Bujalski;2785
Josh Izenberg;2786
Álvaro Delgado-Aparicio L.;2787
Vijay Jayapal;2788
Glen Goei;2789
Lee Seung-won;2790
Joe Miale;2791
Jani Lachauer;2792
Thomas Toby Parkinson;2793
Jeff Margolis;2794
John L. Spencer;2795
Rachel Griffiths;2796
Paco Aguilar;2797
Jakob Lass;2798
Jon Avnet;2799
John Lyde;2800
Rhiannon Bannenberg;2801
Pieter Kuijpers;2802
Devaki Singh;2803
Saw Teong Hin;2804
Cüneyt Kaya;2805
Marcelo Altmark;2806
Isao Yukisada;2807
David LaChapelle;2808
Andres Clariond;2809
Amit Rai;2810
Steve Rash;2811
Tyler Spindel;2812
Pierfrancesco Diliberto;2813
Nicholas Winter;2814
Hanno Olderdissen;2815
Joe Murray;2816
John G. Avildsen;2817
Sylvester Stallone;2818
Brandon Jones;2819
Mike Gunther;2820
Nancy Schwartzman;2821
Mitch Dickman;2822
Alfonso Cuarón;2823
Yuki Tanada;2824
Ketche;2825
Erol Özlevi;2826
Robbie Grewal;2827
Diego Cohen;2828
Tom Forrest;2829
Sebastian DiNatale;2830
Lenny Abrahamson;2831
Matthew Atkinson;2832
Max Lang;2833
Pavitra Chalam;2834
Shweta Basu Prasad;2835
Scott Moran;2836
Sydney Sibilia;2837
Roman Polanski;2838
John Dahl;2839
Prabhu Deva;2840
Michael Larnell;2841
Jay Chandrasekhar;2842
Stig Bergqvist;2843
Atanu Mukherjee;2844
Rob Reiner;2845
Jeeva;2846
Garry Marshall;2847
David L. Cunningham;2848
Amit Roy;2849
Sam Dunn;2850
Dave Higby;2851
Jen McGowan;2852
Dharmendra Suresh Desai;2853
Alex Infascelli;2854
David Lam;2855
Pedro Flores Maldonado;2856
Vipin Parashar;2857
Sujeeth;2858
Raman Kumar;2859
Saurabh Sinha;2860
Farhan Alam;2861
Vijay Roche;2862
Rocky Soraya;2863
Guillermo de Oliveira;2864
Hakan Yonat;2865
Michael Seater;2866
Balu Mahendra;2867
Ehtesham Uddin;2868
Kireet Khurana;2869
Colin Trevorrow;2870
Pierre Coré;2871
JP Habac;2872
Sanjay Soorkar;2873
A. Salaam;2874
Anand Kamalakar;2875
Mohamed Hamdy;2876
Walter C. Miller;2877
Partha Chakraborty;2878
K. Gopinathan;2879
Michael Carney;2880
Amr Arafa;2881
Dan Forrer;2882
Bruce MacDonald;2883
Rajeev Patil;2884
Fernando Coimbra;2885
Elite Zexer;2886
Steven Brill;2887
Akashdeep;2888
Glenn Miller;2889
Blayne Weaver;2890
Moto Sakakibara;2891
Chris Roland;2892
Norberto López Amado;2893
Natasha Lyonne;2894
Liam Lynch;2895
Andreas Prochaska;2896
A.R. Murugadoss;2897
Rajiv Menon;2898
Venugopan;2899
Vikram Pradhan;2900
Kamal Sahani;2901
V. Scott Balcerek;2902
Kenzo Maihara;2903
Raj N. Sippy;2904
Damon Cardasis;2905
John Lee Hancock;2906
Jeffrey G. Hunt;2907
Swapna Waghmare Joshi;2908
Kevan Peterson;2909
Dino Risi;2910
Keenen Ivory Wayans;2911
Malcolm D. Lee;2912
Grand Corps Malade;2913
Lars Büchel;2914
Alexx Media;2915
He Xiaofeng;2916
Hiroshi Aoyama;2917
Edgar Wright;2918
Wes Craven;2919
Billy Corben;2920
Gary Mak;2921
Scot Armstrong;2922
Steven Zaillian;2923
Malik Bendjelloul;2924
Dominic Sena;2925
Rik Reinholdtsen;2926
Jay Chou;2927
Billy Ray;2928
Advait Chandan;2929
Kasia Uscinska;2930
Susannah Ward;2931
Sam Taplin;2932
Vicky Matthews;2933
James Tovell;2934
Louise Wardle;2935
Stefon Bristol;2936
Roberta Grossman;2937
Raj Babu;2938
Alejandra Márquez Abella;2939
Benson Lee;2940
Wayne Blair;2941
Kenneth Müller;2942
Greg Barker;2943
Katleho Ramaphakela;2944
Claire Scanlon;2945
Liu Jiang;2946
Anand Ravichandran;2947
R. Kannan;2948
Biodun Stephen;2949
Chris Eigeman;2950
Daniel Sánchez Arévalo;2951
Sergei Bodrov;2952
Michael Patrick King;2953
Sylvie Verheyde;2954
Sean Anders;2955
Max Martini;2956
Jean-Bernard Marlin;2957
Zhang Yimou;2958
Bejoy Nambiar;2959
Krishna Vamshi;2960
Teng Huatao;2961
Gurudev Bhalla;2962
Jay Grace;2963
Samar Khan;2964
Grant Singer;2965
Jim Field Smith;2966
Nate Adams;2967
Måns Mårlind;2968
Oliver Schmitz;2969
Ramesh Sippy;2970
Oren Uziel;2971
Matias Mariani;2972
Sandi Tan;2973
Raymond McGrath;2974
Adele K. Thomas;2975
Richard Bailey;2976
Raj Nidimoru;2977
Jitendra Tiwari;2978
Destin Daniel Cretton;2979
Amitabha Singh;2980
Barney Clay;2981
Jason Moore;2982
Amit Barot;2983
Adarsh Eshwarappa;2984
Rano Karno;2985
Fabio Grassadonia;2986
Vivek Wagh;2987
Ian Samuels;2988
Gaurav Narayanan;2989
Limbert Fabian;2990
M.J. Bassett;2991
Jason Cohen;2992
Halitha Shameem;2993
David O. Russell;2994
Julia Knowles;2995
Alex Gibney;2996
Nuhash Humayun;2997
Shakti Samanta;2998
Anil Sharma;2999
Raditya Dika;3000
Robert Kouba;3001
Dorian Fernández-Moris;3002
Gregg Bishop;3003
Sean Hanish;3004
Corey Grant;3005
Sharmeen Obaid-Chinoy;3006
Ali Kalthami;3007
Daniel Effiong;3008
Ekachai Uekrongtham;3009
Eduardo Casanova;3010
Renny Harlin;3011
Ringo Lam;3012
Nguyen Thanh Tung;3013
Fredric Lean;3014
Colin Strause;3015
Andrea Molaioli;3016
Leslye Headland;3017
Pantham Thongsang;3018
Sivaroj Kongsakul;3019
Joe Nussbaum;3020
Billy Bob Thornton;3021
Eric Aghimien;3022
John Maclean;3023
Evan Katz;3024
Joe Dante;3025
Ian Nelms;3026
Noam Murro;3027
Alberto Rodríguez;3028
Alex Winter;3029
Fred Olen Ray;3030
Chris Koch;3031
Marcos Carnevale;3032
Jonathan Ignatius Green;3033
Akira Saitoh;3034
Abbas Mustan;3035
Hugo Stuven;3036
Ian MacAllister-McDonald;3037
Jennifer Kaytin Robinson;3038
Manolo Caro;3039
Carlo Padial;3040
Nancy Meyers;3041
Kevin Layne;3042
Julius Avery;3043
Ivan Ayr;3044
Jeffrey C. Bell;3045
Shaad Ali;3046
Juan Antonio de la Riva;3047
David Allensworth;3048
Emilio Martínez Lázaro;3049
Sam O'Steen;3050
Samuel Jouy;3051
Nic Mathieu;3052
Dan Harris;3053
Mark Sloper;3054
Sam Rega;3055
Alex Israel;3056
Sam Raimi;3057
Peter Ramsey;3058
Beth Sleven;3059
Anthony Abrams;3060
Bernie Denk;3061
Tom McCarthy;3062
Harmony Korine;3063
Thom Zimny;3064
Storm Saulter;3065
Javier Ruiz Caldera;3066
Christopher Ray;3067
Adam Alleca;3068
Alison E. Rose;3069
Jon Izen;3070
Steven Rinella;3071
Todd Phillips;3072
Ola Flyum;3073
Yang Woo-seok;3074
Adam McKay;3075
Akiva Goldsman;3076
Maximilian Erlenwein;3077
Danny Boyle;3078
Arjun Gourisaria;3079
Chatchai Katenut;3080
Jon J. Whelan;3081
Alex Holmes;3082
Raj B. Shetty;3083
James Sweeney;3084
Rowan Athale;3085
Arthur Allan Seidelman;3086
Katherine Dieckmann;3087
Georges Hachem;3088
Amar Kaushik;3089
Leïla Sy;3090
Victor Cook;3091
Baz Luhrmann;3092
Ester Gould;3093
Andrew Bergman;3094
Yance Ford;3095
Afonso Poyart;3096
Irek Dobrowolski;3097
Matt Tyrnauer;3098
Ali Yorgancıoğlu;3099
Jumpei Mizusaki;3100
J.M. Berrios;3101
Stefano Sollima;3102
Chayanop Boonprakob;3103
Zakariya;3104
Sarah Gavron;3105
Ariel Boles;3106
Benny Fredman;3107
Saul Dibb;3108
Joseph Cross;3109
Kasper Barfoed;3110
Jennifer Morrison;3111
Ramón Salazar;3112
Valli Bindana;3113
Partho Sen-Gupta;3114
Sumit Das;3115
Kevin Phillips;3116
Thiagarajan Kumararaja;3117
Jacob Joice;3118
Greg Mottola;3119
Gordon Parks;3120
Jesse Warn;3121
Bryan Singer;3122
Phil Sgriccia;3123
Bruce McCulloch;3124
Mangesh Kanthale;3125
Ash Brannon;3126
Kuntz Agus;3127
Matthew Cooke;3128
Anthony Caronna;3129
Matt Wechsler;3130
Jang Jae-hyun;3131
Mike Smith;3132
Warren P. Sonoda;3133
Jamie M. Dagg;3134
J.D. Dillard;3135
Ann Deborah Fishman;3136
Dan Kwan;3137
Derek Yee;3138
Daniel Oriahi;3139
Nora Fingscheidt;3140
Aamir Khan;3141
Pat Healy;3142
Han Qing;3143
Chester Tam;3144
Duncan McMath;3145
John Luessenhop;3146
Rusty Cundieff;3147
Nzingha Stewart;3148
Sian Heder;3149
Navneet Behal;3150
Aanand Rai;3151
Ram;3152
Julien Seri;3153
Archie Hekagery;3154
Chris Buck;3155
Brian Smith;3156
Don Omope;3157
Federico D'Alessandro;3158
Daniel Joseph;3159
Ryu Jung-woo;3160
Sonia Lowman;3161
Jon Greenhalgh;3162
Tanawat Aiemjinda;3163
Ahsan Rahim;3164
Dar Gai;3165
John Carchietta;3166
Kevin Munroe;3167
Michael Pressman;3168
Steve Barron;3169
Ed Perkins;3170
Einar Gabbassov;3171
Michael Barrett;3172
Natalia Garagiola;3173
Jevons Au;3174
Mandeep Kumar;3175
Peter Billingsley;3176
Yann Arthus-Bertrand;3177
Damien Leone;3178
Sukhbir Singh;3179
Dheeraj Berry;3180
Vijay;3181
Abhijit Panse;3182
Jeethu Joseph;3183
Felix Herngren;3184
Harald Zwart;3185
Brian Skiba;3186
Mitzi Vanessa Arreola;3187
Ding-Lin Wang;3188
Roger Russell;3189
Matthew Shoychet;3190
Pamela Romanowsky;3191
Geoff Anderson;3192
Esteban Sapir;3193
Julien Rambaldi;3194
Jee-woon Kim;3195
Elías León;3196
Mostafa Abu Seif;3197
Bert Marcus;3198
Andrew Douglas;3199
Ariel Vromen;3200
Thurop Van Orman;3201
Denis Hennelly;3202
Elisa Fuksas;3203
Monica Floyd;3204
Maria Sadowska;3205
Jonathan Sobol;3206
Christian Duguay;3207
Michel Hazanavicius;3208
Walter Hill;3209
André Øvredal;3210
Michael Steiner;3211
Errol Morris;3212
Kurt Voelker;3213
Ana Lily Amirpour;3214
Elliot Hegarty;3215
Keith Fulton;3216
Joel Coen;3217
Jared Moshé;3218
Brian M. Conley;3219
Chapman Way;3220
John Ford;3221
Ludovico Di Martino;3222
Estela Renner;3223
Renata Terra;3224
Tommy Avallone;3225
Domenico de Feudis;3226
Eduardo Chauvet;3227
D Ho;3228
Reginald Hudlin;3229
Kavi Raz;3230
Rolfe Kanefsky;3231
Philippe Falardeau;3232
Kirby Dick;3233
Christopher Murray;3234
Bolanle Austen-Peters;3235
Marwan Hamed;3236
Elle-Máijá Tailfeathers;3237
Kevin Ford;3238
Albert Hughes;3239
Faris Godus;3240
Dan Forgione;3241
Olivier Loustau;3242
Richard Kelly;3243
William Brent Bell;3244
Mark Herman;3245
Eric Bross;3246
Chiwetel Ejiofor;3247
Joe Mantello;3248
William Kaufman;3249
Neil Jordan;3250
Ken Kushner;3251
Nora Twomey;3252
Jackie van Beek;3253
Lester Hsi;3254
You-Jeong Chang;3255
"Sam ""Blitz"" Bazawule";3256
Stacy Title;3257
Graham Phillips;3258
Meghan O'Hara;3259
Ofir Raul Graizer;3260
Lee Chung-hyun;3261
Bumpy;3262
Elliot Silverstein;3263
Sean Menard;3264
Jon Gunn;3265
Tony Collingwood;3266
Tarek Al Eryan;3267
Craig Moss;3268
Magdy Al-Hawwary;3269
Antonio Chavarrías;3270
Michel Tikhomiroff;3271
David Pablos;3272
John Stephenson;3273
Clay Kaytis;3274
Chris Columbus;3275
Michael Buster;3276
Dito Montiel;3277
Sue Ding;3278
Ludovic Bernard;3279
Julius Onah;3280
Lukasz Kosmicki;3281
Thomas Vinterberg;3282
John Wells;3283
James Haslam;3284
Bob Nelson;3285
Ari Folman;3286
Andrew Fleming;3287
Jennifer Beamish;3288
Sebastián Schindel;3289
Kirk De Micco;3290
Marek Piwowski;3291
Randall Lobb;3292
Jarrad Paul;3293
Satish Manwar;3294
Frank Oz;3295
Tariq Khan;3296
Greg McLean;3297
Simon Stone;3298
Peter Mortimer;3299
Santiago Alvarado Ilarri;3300
Ahmed Saleh;3301
David France;3302
Armando Iannucci;3303
Patrice Laliberté;3304
Adekunle Nodash Adejuyigbe;3305
Cecilia Atán;3306
Blair Hayes;3307
William Friedkin;3308
Chang Chin-jung;3309
Stephanie Soechtig;3310
Filip Renc;3311
James Franco;3312
Charlie McDowell;3313
Bette Gordon;3314
Woo Min-ho;3315
Kieran Darcy-Smith;3316
Robert Berlinger;3317
Damien Chazelle;3318
Kelly Fremon Craig;3319
Paul Andrew Williams;3320
Mohammed Alhmly;3321
James Ponsoldt;3322
Justin Benson;3323
Aitor Arregi;3324
David Leveaux;3325
Michael Duggan;3326
Luc Besson;3327
Michael Samuels;3328
Jenée LaMarque;3329
Coerte Voorhees;3330
Rodrigo Van Der Put;3331
Hugh WIlson;3332
Glen Winter;3333
Brian Levant;3334
Sean Baker;3335
Meng Hua Ho;3336
Peter Nicks;3337
Jason Zada;3338
Sion Sono;3339
Oliver Frampton;3340
Radha Blank;3341
Scott Walker;3342
Rob Burnett;3343
Raúl Arévalo;3344
Louie Psihoyos;3345
Makoto Shinkai;3346
Mario Mattei;3347
Charles Uwagbai;3348
Quek Shio-chuan;3349
Cody Stokes;3350
Ibai Abad;3351
Doron Paz;3352
Paul Shoulberg;3353
Kasra Farahani;3354
Wong Kar Wai;3355
Andy Devonshire;3356
Karim Amer;3357
Yee Tung-Shing;3358
Michel Gondry;3359
Gary Wang;3360
Alice Wu;3361
Brian Henson;3362
Jan Komasa;3363
Michael G. Kehoe;3364
Mickey Liddell;3365
Paco Arango;3366
Charles Gozali;3367
Bobby Farrelly;3368
Maya Gallus;3369
Chad Archibald;3370
Zoe Berriatúa;3371
Mark Columbus;3372
John Mitchell;3373
Kiko Cruz Claverol;3374
Bradley Walsh;3375
Milind Rau;3376
Damani Baker;3377
Rudradeep Bhattacharjee;3378
Rob W. King;3379
Lasse Hallström;3380
Maite Ruiz De Austri;3381
Isaac Ezban;3382
Jim Strouse;3383
Philip Einstein Lipski;3384
Dennis Rovira van Boekholt;3385
Femi Oyeniran;3386
Ahmed Medhat;3387
Craig Monahan;3388
Olivier Nakache;3389
Paulo Oriol;3390
Phyllida Lloyd;3391
Benjamin Cohen;3392
Robin Swicord;3393
Bronwen Hughes;3394
Karen Moncrieff;3395
Yorgos Lanthimos;3396
Sara Colangelo;3397
David Michôd;3398
Randa Chahal Sabbag;3399
Monika Mitchell;3400
Alejandro Agresti;3401
Timothy Reckart;3402
Nicole Holofcener;3403
Pieter-Jan De Pue;3404
Ahn Byoung-wook;3405
Athiyan Athirai;3406
Tony Scott;3407
Olivier Megaton;3408
Gillian Armstrong;3409
Eduardo Mendoza de Echave;3410
Greg Pritikin;3411
Mark Craig;3412
Dennis Scholl;3413
Rodrigo Salomón;3414
Raz Degan;3415
William Bindley;3416
Rob Smat;3417
Kevin Pollak;3418
Mateo Gil;3419
José Larraza;3420
Jody Hill;3421
Theo Love;3422
Sibusiso Khuzwayo;3423
Edoardo Ponti;3424
Jonathan Augustin;3425
Vibeke Idsøe;3426
Blake Harris;3427
Mark Osborne;3428
Kepa Sojo;3429
Richard Claus;3430
Florian Henckel von Donnersmarck;3431
Brian O'Malley;3432
Mike Diva;3433
Jay Lyons;3434
Robert Aldrich;3435
Fred Durst;3436
Joshua Oppenheimer;3437
Peter Jackson;3438
Vicky Wight;3439
Nuel Naval;3440
Marco Schnabel;3441
Azazel Jacobs;3442
Robert Cannan;3443
Stanisław Różewicz;3444
Johnny To;3445
Robert Tate;3446
Richard Weston;3447
Vasan Bala;3448
John Mikulak;3449
Marco Bonfanti;3450
Tony Datis;3451
Hassan AbdulSalam;3452
Michael Barnett;3453
Will Eisenberg;3454
Francesco Carnesecchi;3455
Yayo Herrero;3456
Park In-je;3457
Albert Sharpe;3458
Matías Bize;3459
Grant Heslov;3460
Chi Keung Fung;3461
Andreas Pichler;3462
Jan Holoubek;3463
Mads Matthiesen;3464
Bryan Bertino;3465
John Banas;3466
Franck Ribière;3467
Tommy O'Haver;3468
Ian Cheney;3469
Manuel Martín Cuenca;3470
Michael Radford;3471
Stuart Heisler;3472
Carly Stone;3473
Christopher Cain;3474
Isaki Lacuesta;3475
Michael Cristofer;3476
Stefan Aust;3477
Gina Prince-Bythewood;3478
Matt Angel;3479
Mike Fleiss;3480
Orson Welles;3481
Joseph Ruben;3482
Peter Hutchings;3483
Rod Lurie;3484
Jake Szymanski;3485
Carles Torras;3486
John Duigan;3487
Ben A. Williams;3488
Mimi Leder;3489
Alan J. Pakula;3490
Chris Nelson;3491
Jean-Pierre Devillers;3492
Luis Estrada;3493
Richard Shepard;3494
Stephen Chbosky;3495
Joel Schumacher;3496
Julia Willoughby Nason;3497
Peggy Holmes;3498
Bryan Buckley;3499
Peter Lord;3500
Patryk Vega;3501
Keerthi;3502
Stefano Mordini;3503
Robert Zemeckis;3504
Maya Forbes;3505
Chan-sang Lim;3506
Teddy Lussi-Modeste;3507
Brian A. Miller;3508
Martha Coolidge;3509
Ron Clements;3510
Mike Rohl;3511
Na Hyeon;3512
Farhad Safinia;3513
Terry George;3514
John Papola;3515
Grant Korgan;3516
Frank Simon;3517
Laura Brownson;3518
Francis Ford Coppola;3519
Miriam Chandy Menacherry;3520
Kevin Derek;3521
Shaina Allen;3522
Jonás Trueba;3523
Gideon Raff;3524
Alison MacLean;3525
Paul Munger;3526
Lisa Cortés;3527
Choi Jin-seong;3528
Steve Barker;3529
Dejan Zečević;3530
Hadi El Bagoury;3531
Lone Scherfig;3532
Ellena Wood;3533
David Bruckner;3534
N.D. Wilson;3535
Curtis Hanson;3536
Christian E. Christiansen;3537
Liao Shih-han;3538
Rajesh Ganguly;3539
Igor Kovalyov;3540
Bruce Robinson;3541
Floria Sigismondi;3542
Austin Stark;3543
Renato De Maria;3544
John Herzfeld;3545
Kristian Levring;3546
Houssam El-Din Mustafa;3547
Stephen Amezdroz;3548
Raffi Ahmad;3549
Josh Greenbaum;3550
Giancarlo Esposito;3551
Richie Smyth;3552
William Eubank;3553
John R. Leonetti;3554
Almudena Carracedo;3555
Marc Vigil;3556
Alfonso Cortés-Cavanillas;3557
Sunil Soraya;3558
Samu Fuentes;3559
Shonali Bose;3560
Trish Sie;3561
Raja Gosnell;3562
Peter Chelsom;3563
Sue Kim;3564
Mark Waters;3565
Krzysztof Zanussi;3566
Thomas Meadmore;3567
Jehane Noujaim;3568
Brett Hedlund;3569
Kyle Patrick Alvarez;3570
Niall Johnson;3571
Steven R. Monroe;3572
Mohammad Adel;3573
Cosmo Feilding-Mellen;3574
Stephan Rick;3575
Will Lockhart;3576
James Watkins;3577
Anthony Minghella;3578
Daniel Burman;3579
Tobe Hooper;3580
James Marsh;3581
Mohammed El-Tahawy;3582
Carlos Pérez Osorio;3583
Lena Khan;3584
Leanne Gater;3585
Robert Schwentke;3586
Lennart Ruff;3587
Tamta Gabrichidze;3588
Erik White;3589
Julio Medem;3590
Stefano Lodovichi;3591
Fernando Colomo;3592
Brendan Malloy;3593
David Koepp;3594
Michael Winterbottom;3595
Ben Brewer;3596
David Briggs;3597
Kevin Donovan;3598
Wouter Bouvijn;3599
Pass Patthanakumjon;3600
Jean-Pierre Dardenne;3601
Jennifer M. Kroot;3602
Peter Facinelli;3603
Mark Neveldine;3604
Dan Bush;3605
Odunlade Adekola;3606
David Chuang;3607
Bauddhayan Mukherji;3608
Oyefunke Fayoyin;3609
Ossama Abu El Atta;3610
Frant Gwo;3611
Daniel Calparsoro;3612
Russell Crowe;3613
Jay Russell;3614
Farishad I. Latjuba;3615
Robert Smigel;3616
Kris Pearn;3617
Manika Sharma;3618
Robert Eggers;3619
Kyle Rankin;3620
Park Hoon-jung;3621
Muhammad Fadl;3622
Antonin Baudry;3623
Neil Rawles;3624
Emil Ben-Shimon;3625
Laurent Cantet;3626
Michael Apted;3627
Romain Gavras;3628
Brian Baugh;3629
Victoria Bromley;3630
George Mendeluk;3631
Cyrus Nowrasteh;3632
Peter Foott;3633
Peter Svatek;3634
Saheed Arafath;3635
Charlotte Zwerin;3636
David Shisgall;3637
Ellen Page;3638
Yvan Attal;3639
Simon Frederick;3640
Patricia Ferreira;3641
Fabio Ock;3642
Derek Hui;3643
Wim Bonte;3644
Raam Reddy;3645
Greg Tiernan;3646
Bin Bunluerit;3647
Benjamin Ross;3648
Stephen Hopkins;3649
Shanavas K. Bavakutty;3650
Dallas Jackson;3651
Gary Stretch;3652
Mukesh Vohra;3653
Jordan Ross;3654
William Wyler;3655
Kristina Goolsby;3656
Tig Notaro;3657
Sartaj Singh Pannu;3658
Eric Goode;3659
Alan Yang;3660
Li Jun;3661
Aditya Kripalani;3662
Cho Li;3663
Ellen Brown;3664
Rikhil Bahadur;3665
Sebastián Hofmann;3666
Yoon Sung-hyun;3667
Mark Dennis;3668
Juan Pablo Buscarini;3669
Steve Loter;3670
Sonny Marler;3671
Michael Fimognari;3672
Sorin Dan Mihalcescu;3673
Edward Ellis;3674
Josh Aronson;3675
Myriam Aziza;3676
Marti Noxon;3677
Pavel Kostomarov;3678
Beeban Kidron;3679
Michael Cumming;3680
Vicente Villanueva;3681
Mariano Cohn;3682
Shree Narayan Singh;3683
Kyoko Miyake;3684
Tolga Karaçelik;3685
Phil Roman;3686
Rob Zombie;3687
Gregory Jacobs;3688
Rami Hachache;3689
Roger Spottiswoode;3690
Sabrina Rochelle Kalangie;3691
Buzz Kulik;3692
Kittiphak Thonguam;3693
Buddhadev Dasgupta;3694
Kike Maíllo;3695
Daniel Benmayor;3696
Gary Howsam;3697
Norm Hiscock;3698
Sukum Maetawanitch;3699
Jeffrey Nachmanoff;3700
Adam Leon;3701
Wally Pfister;3702
Michael Del Monte;3703
Richard Bates Jr.;3704
White Trash Tyler;3705
Sam Hobkinson;3706
Jon Reiner;3707
Ron Underwood;3708
S.S. Wilson;3709
Brent Maddock;3710
Adam Smith;3711
David Paul Meyer;3712
Renuka Shahane;3713
Jitender Pawar;3714
Richard Michaels;3715
Nicholas Zeig-Owens;3716
Joel Crawford;3717
Shaul Schwarz;3718
Tekin Girgin;3719
Pramod Pawar;3720
Henry Hathaway;3721
Jeff Wadlow;3722
Preston A. Whitmore II;3723
Mark Thornton;3724
Todd Kauffman;3725
Nick Simon;3726
Milind Dhaimade;3727
Mfanelo Ngoma;3728
Jung Ji-woo;3729
David Soren;3730
Hidetaka Inazuka;3731
To-hoi Kong;3732
Buz Wallick;3733
Álvaro Longoria;3734
Gary Young;3735
Susan Lambert;3736
Pawan Kumar;3737
Derick Cabrido;3738
Sachin Kamlakar Khot;3739
Naresh Saigal;3740
Francesco Lettieri;3741
Venkatesh Maha;3742
Prashant Nair;3743
Claude Lelouch;3744
Benedict Andrews;3745
Mick Grogan;3746
Paul Feig;3747
Michael Mazzola;3748
Jota Linares;3749
Svati Chakravarty Bhatkal;3750
Agustí Villaronga;3751
Paul Taublieb;3752
Prentice Penny;3753
Zuko Nodada;3754
Josh Safdie;3755
Chris Burkard;3756
Archie Borders;3757
Younuts!;3758
Babak Anvari;3759
Jonathan Glazer;3760
Juan José Campanella;3761
Levan Gabriadze;3762
Brie Larson;3763
Sanjay Patel;3764
Jaume Collet-Serra;3765
David Galán Galindo;3766
Nopparoj Chotmunkongsit;3767
Jennifer Brea;3768
Sherif Mandour;3769
Linda Otto;3770
Tom Barton-Humphreys;3771
Jason Reitman;3772
Udai Singh Pawar;3773
Vijay Kumar;3774
Pradeep Verma;3775
Hayden Guppy;3776
Rene Liu;3777
Mario Van Peebles;3778
Manu Ashokan;3779
Inma Torrente;3780
Manoj Beedha;3781
Anoop Sathyan;3782
Akin Omotoso;3783
Ashu Trikha;3784
Amanda Micheli;3785
Carlos Sedes;3786
Gustavo Ron;3787
Carlos Algara;3788
Guntur Soeharjanto;3789
Mir-Jean Bou Chaaya;3790
Gurinder Chadha;3791
Roger Young;3792
Brandon Dickerson;3793
David L.G. Hughes;3794
Harvey Lilley;3795
Philip Barantini;3796
Gary Michael Schultz;3797
Haruka Fujita;3798
Vir Das;3799
P.T. Kunju Muhammad;3800
Ganesh Kadam;3801
Kushal Srivastava;3802
Yacine Belhousse;3803
Myles Kane;3804
Ed Lilly;3805
Madonna;3806
Vijay Yelakanti;3807
Bilal Lashari;3808
Param Gill;3809
Anu Menon;3810
Rob McKittrick;3811
Ayaan Mukherji;3812
Marc Francis;3813
Conor Allyn;3814
Alex Smith;3815
Syrine Boulanouar;3816
Philip G. Atwell;3817
Faraz Haider;3818
John Michael McDonagh;3819
Jack Zagha Kababie;3820
Marina Zenovich;3821
Tiffanie Hsu;3822
Sidharth Malhotra;3823
Daniel Yee Heng Chan;3824
Stéphane de Freitas;3825
Burhan Qurbani;3826
Max Joseph;3827
David Serrano;3828
Marc Meyers;3829
Jeremiah Zagar;3830
Fritz Ofner;3831
Antoni Krauze;3832
Reem Kherici;3833
Sadeq Behbehani;3834
Abby Epstein;3835
Chi Fat Chan;3836
Ashish R. Mohan;3837
Riccardo Milani;3838
Stephen Donnelly;3839
Abel Ferrara;3840
Trevor Ryan;3841
Benjamin Weill;3842
Michael Fahey;3843
Huang Lei;3844
Megha Ramaswamy;3845
Shady Hanna;3846
David Lynch;3847
Tommy Wirkola;3848
Kim Dong-kyu;3849
Colin Minihan;3850
Rebecca Harrison;3851
Josh Mendoza;3852
Marta Jaenes;3853
Gurmmeet Singh;3854
Saket Behl;3855
Ulrike Kofler;3856
Ross Kauffman;3857
Izidore K. Musallam;3858
Jeremy Rush;3859
Gonzalo Bendala;3860
Ritu Sarin;3861
Seyi Babatope;3862
Heidi Brandenburg;3863
Marek Kanievska;3864
Chandra Liow;3865
Pablo Stoll;3866
Paul Raschid;3867
Michael Curtiz;3868
Alexandre Espigares;3869
Elizabeth Wood;3870
Drew Stone;3871
Sabaah Folayan;3872
Milla Harrison-Hansley;3873
Dhruv Dhawan;3874
Tudor Giurgiu;3875
Nick Moore;3876
Paul Dano;3877
Fritz Böhm;3878
Morgan Matthews;3879
Zsolt Pálfi;3880
Mel Stuart;3881
Joe Swanberg;3882
Michael Spierig;3883
Amy Poehler;3884
Pascale Lamche;3885
Evgeny Afineevsky;3886
Debra Granik;3887
Zach Braff;3888
Theo Davies;3889
Steve Bencich;3890
Sung Do-jun;3891
Adrian Murray;3892
Bart Freundlich;3893
Shaun Mir;3894
Kate Mulleavy;3895
Laura Terruso;3896
Kranthi Madhav;3897
Storm Theunissen;3898
David Guy Levy;3899
Yasir Nawaz;3900
Wyatt Cenac;3901
Lawrence Kasdan;3902
Hemant Gaba;3903
Christopher Louie;3904
Pierre Deschamps;3905
Jovanka Vuckovic;3906
N. Chandra;3907
Abu Bakr Shawky;3908
Sooni Taraporevala;3909
Christian De Vita;3910
Saratswadee Wongsomphet;3911
Kirati Nakintanon;3912
Karen Maine;3913
Mark Risley;3914
Y. Joon Chung;3915
Yoo Byung-jae;3916
Lee Toland Krieger;3917
Amanda Raymond;3918
James Brown;3919
Ivona Juka;3920
Brent Bonacorso;3921
Tolga Örnek;3922
Salvador Espinosa;3923
Mu Chu;3924
Funke Akindele;3925
Liu Kuang-hui;3926
Miguel Ángel Vivas;3927
Neville Shah;3928
Mohamed Diab;3929
Daniel Monzón;3930
Michael Blieden;3931
Peter DeLuise;3932
Chandra Prakash Dwivedi;3933
Anjum Shahzad;3934
Majid Al Ansari;3935
Floyd Russ;3936
Oskar Santos;3937
Rodrigo Guardiola;3938
Peter Hewitt;3939
Josef Fares;3940
Mozez Singh;3941
No disponible;3942
